2025-12-11 20:11:14,150 - INFO -    ↳ [11/106] SC/BIOL 2050 3.00 – Ecology
2025-12-11 20:11:14,320 - INFO -       💾 Saved SC_BIOL 2050 3.00_Ecology.html
2025-12-11 20:11:22,852 - INFO -    ↳ [12/106] SC/BIOL 2060 3.00 – Statistics for Biologists
2025-12-11 20:11:23,141 - INFO -       💾 Saved SC_BIOL 2060 3.00_Statistics for Biologists.html
2025-12-11 20:11:31,289 - INFO -    ↳ [13/106] SC/BIOL 2070 3.00 – Research Methods in Cell and Molecular Biology
2025-12-11 20:11:31,605 - INFO -       💾 Saved SC_BIOL 2070 3.00_Research Methods in Cell and Molecular Biology.html
2025-12-11 20:11:40,377 - INFO -    ↳ [14/106] SC/BIOL 2080 3.00 – Ecology in Practice - Research Fundamentals in Ecology and Evolution
2025-12-11 20:11:40,573 - INFO -       💾 Saved SC_BIOL 2080 3.00_Ecology in Practice - Research Fundamentals in Ecology and Evolution.html
2025-12-11 20:11:51,051 - INFO -    ↳ [15/106] SC/BIOL 2090 3.00 – Current Topics in Biophysics
2025-12-11 20:11:51,228 - INFO -       💾 Saved SC_BIOL 2090 3.00_Current Topics in Biophysics.html
2025-12-11 20:12:01,572 - INFO -    ↳ [16/106] SC/BIOL 2601 0.00 – Research Practicum
2025-12-11 20:12:01,782 - INFO -       💾 Saved SC_BIOL 2601 0.00_Research Practicum.html
2025-12-11 20:12:10,903 - INFO -    ↳ [17/106] SC/BIOL 2602 0.00 – Research Practicum
2025-12-11 20:12:11,099 - INFO -       💾 Saved SC_BIOL 2602 0.00_Research Practicum.html
2025-12-11 20:12:18,989 - INFO -    ↳ [18/106] SC/BIOL 2900 3.00 – Clinical Microbiology for Nurses
2025-12-11 20:12:19,254 - INFO -       💾 Saved SC_BIOL 2900 3.00_Clinical Microbiology for Nurses.html
2025-12-11 20:12:29,496 - INFO -    ↳ [19/106] SC/BIOL 2905 3.00 – Introduction to Medical Microbiology
2025-12-11 20:12:29,733 - INFO -       💾 Saved SC_BIOL 2905 3.00_Introduction to Medical Microbiology.html
2025-12-11 20:12:38,273 - INFO -    ↳ [20/106] SC/BIOL 3010 3.00 – Advanced Biochemistry
2025-12-11 20:12:38,488 - INFO -       💾 Saved SC_BIOL 3010 3.00_Advanced Biochemistry.html
2025-12-11 20:12:46,622 - INFO -    ↳ [21/106] SC/BIOL 3030 4.00 – Physiology of the Invertebrates
2025-12-11 20:12:46,821 - INFO -       💾 Saved SC_BIOL 3030 4.00_Physiology of the Invertebrates.html
2025-12-11 20:12:57,646 - INFO -    ↳ [22/106] SC/BIOL 3051 3.00 – Macromolecules of Biochemical Interest
2025-12-11 20:12:57,828 - INFO -       💾 Saved SC_BIOL 3051 3.00_Macromolecules of Biochemical Interest.html
2025-12-11 20:13:05,323 - INFO -    ↳ [23/106] SC/BIOL 3060 4.00 – Animal Physiology I
2025-12-11 20:13:05,572 - INFO -       💾 Saved SC_BIOL 3060 4.00_Animal Physiology I.html
2025-12-11 20:13:15,076 - INFO -    ↳ [24/106] SC/BIOL 3070 4.00 – Animal Physiology II
2025-12-11 20:13:15,291 - INFO -       💾 Saved SC_BIOL 3070 4.00_Animal Physiology II.html
2025-12-11 20:13:22,937 - INFO -    ↳ [25/106] SC/BIOL 3075 3.00 – Introduction to Drug Discovery and Development
2025-12-11 20:13:23,132 - INFO -       💾 Saved SC_BIOL 3075 3.00_Introduction to Drug Discovery and Development.html
2025-12-11 20:13:33,895 - INFO -    ↳ [26/106] SC/BIOL 3095 3.00 – Introduction to Bioinformatics
2025-12-11 20:13:34,109 - INFO -       💾 Saved SC_BIOL 3095 3.00_Introduction to Bioinformatics.html
2025-12-11 20:13:45,094 - INFO -    ↳ [27/106] SC/BIOL 3110 3.00 – Molecular Biology I: Nucleic Acid Metabolism
2025-12-11 20:13:45,292 - INFO -       💾 Saved SC_BIOL 3110 3.00_Molecular Biology I_ Nucleic Acid Metabolism.html
2025-12-11 20:13:55,551 - INFO -    ↳ [28/106] SC/BIOL 3120 3.00 – Immunobiology
2025-12-11 20:13:55,755 - INFO -       💾 Saved SC_BIOL 3120 3.00_Immunobiology.html
2025-12-11 20:14:05,952 - INFO -    ↳ [29/106] SC/BIOL 3130 3.00 – Molecular Biology II: Regulation of Gene Expression
2025-12-11 20:14:06,168 - INFO -       💾 Saved SC_BIOL 3130 3.00_Molecular Biology II_ Regulation of Gene Expression.html
2025-12-11 20:14:13,638 - INFO -    ↳ [30/106] SC/BIOL 3140 4.00 – Advanced Biochemistry and Molecular Genetics Laboratory
2025-12-11 20:14:13,870 - INFO -       💾 Saved SC_BIOL 3140 4.00_Advanced Biochemistry and Molecular Genetics Laboratory.html
2025-12-11 20:14:23,680 - INFO -    ↳ [31/106] SC/BIOL 3150 4.00 – Microbiology
2025-12-11 20:14:23,915 - INFO -       💾 Saved SC_BIOL 3150 4.00_Microbiology.html
2025-12-11 20:14:31,554 - INFO -    ↳ [32/106] SC/BIOL 3155 3.00 – Virology
2025-12-11 20:14:31,796 - INFO -       💾 Saved SC_BIOL 3155 3.00_Virology.html
2025-12-11 20:14:39,917 - INFO -    ↳ [33/106] SC/BIOL 3171 3.00 – Population Ecology
2025-12-11 20:14:40,147 - INFO -       💾 Saved SC_BIOL 3171 3.00_Population Ecology.html
2025-12-11 20:14:47,837 - INFO -    ↳ [34/106] SC/BIOL 3172 3.00 – Community Ecology
2025-12-11 20:14:48,039 - INFO -       💾 Saved SC_BIOL 3172 3.00_Community Ecology.html
2025-12-11 20:14:55,657 - INFO -    ↳ [35/106] SC/BIOL 3200 3.00 – Processes of Evolution
2025-12-11 20:14:55,852 - INFO -       💾 Saved SC_BIOL 3200 3.00_Processes of Evolution.html
2025-12-11 20:15:04,194 - INFO -    ↳ [36/106] SC/BIOL 3350 4.00 – Comparative Chordate Anatomy
2025-12-11 20:15:04,440 - INFO -       💾 Saved SC_BIOL 3350 4.00_Comparative Chordate Anatomy.html
2025-12-11 20:15:14,713 - INFO -    ↳ [37/106] SC/BIOL 3380 3.00 – Sensory Systems
2025-12-11 20:15:14,954 - INFO -       💾 Saved SC_BIOL 3380 3.00_Sensory Systems.html
2025-12-11 20:15:23,746 - INFO -    ↳ [38/106] SC/BIOL 3500 3.00 – Biogeography
2025-12-11 20:15:23,990 - INFO -       💾 Saved SC_BIOL 3500 3.00_Biogeography.html
2025-12-11 20:15:33,288 - INFO -    ↳ [39/106] SC/BIOL 3601 0.00 – Research Practicum
2025-12-11 20:15:33,493 - INFO -       💾 Saved SC_BIOL 3601 0.00_Research Practicum.html
2025-12-11 20:15:42,121 - INFO -    ↳ [40/106] SC/BIOL 3602 0.00 – Research Practicum
2025-12-11 20:15:42,322 - INFO -       💾 Saved SC_BIOL 3602 0.00_Research Practicum.html
2025-12-11 20:15:53,169 - INFO -    ↳ [41/106] SC/BIOL 3901 0.00 – Biology Internship Work Term
2025-12-11 20:15:53,388 - INFO -       💾 Saved SC_BIOL 3901 0.00_Biology Internship Work Term.html
2025-12-11 20:16:01,469 - INFO -    ↳ [42/106] SC/BIOL 3902 0.00 – Biology Internship Work Term
2025-12-11 20:16:01,716 - INFO -       💾 Saved SC_BIOL 3902 0.00_Biology Internship Work Term.html
2025-12-11 20:16:11,392 - INFO -    ↳ [43/106] SC/BIOL 3903 0.00 – Biology Internship Work Term
2025-12-11 20:16:11,774 - INFO -       💾 Saved SC_BIOL 3903 0.00_Biology Internship Work Term.html
2025-12-11 20:16:20,098 - INFO -    ↳ [44/106] SC/BIOL 4000 3.00 – Honours Thesis
2025-12-11 20:16:20,357 - INFO -       💾 Saved SC_BIOL 4000 3.00_Honours Thesis.html
2025-12-11 20:16:29,580 - INFO -    ↳ [45/106] SC/BIOL 4000 8.00 – Honours Thesis
2025-12-11 20:16:29,829 - INFO -       💾 Saved SC_BIOL 4000 8.00_Honours Thesis.html
2025-12-11 20:16:40,657 - INFO -    ↳ [46/106] ED/BIOL 4000 3.00 – Teaching Biology in the Intermediate-Senior Divisions - A
2025-12-11 20:16:40,912 - INFO -       💾 Saved ED_BIOL 4000 3.00_Teaching Biology in the Intermediate-Senior Divisions - A.html
2025-12-11 20:16:51,036 - INFO -    ↳ [47/106] ED/BIOL 4001 3.00 – Teaching Biology in the Intermediate-Senior Divisions - B
2025-12-11 20:16:51,239 - INFO -       💾 Saved ED_BIOL 4001 3.00_Teaching Biology in the Intermediate-Senior Divisions - B.html
2025-12-11 20:17:00,960 - INFO -    ↳ [48/106] SC/BIOL 4005 3.00 – The Scientific Method: Applications and Controversies
2025-12-11 20:17:01,204 - INFO -       💾 Saved SC_BIOL 4005 3.00_The Scientific Method_ Applications and Controversies.html
2025-12-11 20:17:09,875 - INFO -    ↳ [49/106] SC/BIOL 4010 3.00 – Biology of Cancer
2025-12-11 20:17:10,132 - INFO -       💾 Saved SC_BIOL 4010 3.00_Biology of Cancer.html
2025-12-11 20:17:17,788 - INFO -    ↳ [50/106] SC/BIOL 4020 3.00 – Genomics
2025-12-11 20:17:18,011 - INFO -       💾 Saved SC_BIOL 4020 3.00_Genomics.html
2025-12-11 20:17:27,530 - INFO -    ↳ [51/106] SC/BIOL 4030 3.00 – Proteomics
2025-12-11 20:17:27,790 - INFO -       💾 Saved SC_BIOL 4030 3.00_Proteomics.html
2025-12-11 20:17:37,574 - INFO -    ↳ [52/106] SC/BIOL 4051 3.00 – Bioanalytical Chemistry
2025-12-11 20:17:37,826 - INFO -       💾 Saved SC_BIOL 4051 3.00_Bioanalytical Chemistry.html
2025-12-11 20:17:47,895 - INFO -    ↳ [53/106] SC/BIOL 4061 3.00 – Cell and Molecular Biology of Development
2025-12-11 20:17:48,112 - INFO -       💾 Saved SC_BIOL 4061 3.00_Cell and Molecular Biology of Development.html
2025-12-11 20:17:57,240 - INFO -    ↳ [54/106] SC/BIOL 4070 3.00 – Behavioural Ecology
2025-12-11 20:17:57,480 - INFO -       💾 Saved SC_BIOL 4070 3.00_Behavioural Ecology.html
2025-12-11 20:18:07,235 - INFO -    ↳ [55/106] SC/BIOL 4095 3.00 – Applied Plant Ecology
2025-12-11 20:18:07,472 - INFO -       💾 Saved SC_BIOL 4095 3.00_Applied Plant Ecology.html
2025-12-11 20:18:16,441 - INFO -    ↳ [56/106] SC/BIOL 4120 3.00 – Applied Immunology
2025-12-11 20:18:16,702 - INFO -       💾 Saved SC_BIOL 4120 3.00_Applied Immunology.html
2025-12-11 20:18:25,356 - INFO -    ↳ [57/106] SC/BIOL 4141 3.00 – Current Topics and Methods in Cell Biology
2025-12-11 20:18:25,569 - INFO -       💾 Saved SC_BIOL 4141 3.00_Current Topics and Methods in Cell Biology.html
2025-12-11 20:18:35,154 - INFO -    ↳ [58/106] SC/BIOL 4150 3.00 – Cellular Regulation
2025-12-11 20:18:35,415 - INFO -       💾 Saved SC_BIOL 4150 3.00_Cellular Regulation.html
2025-12-11 20:18:44,701 - INFO -    ↳ [59/106] SC/BIOL 4151 3.00 – Membrane Transport
2025-12-11 20:18:45,025 - INFO -       💾 Saved SC_BIOL 4151 3.00_Membrane Transport.html
2025-12-11 20:18:53,714 - INFO -    ↳ [60/106] SC/BIOL 4154 3.00 – The Human Microbiome
2025-12-11 20:18:53,968 - INFO -       💾 Saved SC_BIOL 4154 3.00_The Human Microbiome.html
2025-12-11 20:19:02,202 - INFO -    ↳ [61/106] SC/BIOL 4155 3.00 – Advanced Virology
2025-12-11 20:19:02,465 - INFO -       💾 Saved SC_BIOL 4155 3.00_Advanced Virology.html
2025-12-11 20:19:11,867 - INFO -    ↳ [62/106] SC/BIOL 4200 3.00 – Selected Readings in Biology
2025-12-11 20:19:12,137 - INFO -       💾 Saved SC_BIOL 4200 3.00_Selected Readings in Biology.html
2025-12-11 20:19:23,283 - INFO -    ↳ [63/106] SC/BIOL 4220 4.00 – Histology
2025-12-11 20:19:23,561 - INFO -       💾 Saved SC_BIOL 4220 4.00_Histology.html
2025-12-11 20:19:32,526 - INFO -    ↳ [64/106] SC/BIOL 4245 3.00 – Conservation Biology
2025-12-11 20:19:32,792 - INFO -       💾 Saved SC_BIOL 4245 3.00_Conservation Biology.html
2025-12-11 20:19:41,017 - INFO -    ↳ [65/106] SC/BIOL 4250 3.00 – Birds and the Environment
2025-12-11 20:19:41,288 - INFO -       💾 Saved SC_BIOL 4250 3.00_Birds and the Environment.html
2025-12-11 20:19:50,262 - INFO -    ↳ [66/106] SC/BIOL 4255 3.00 – Biodiversity
2025-12-11 20:19:50,516 - INFO -       💾 Saved SC_BIOL 4255 3.00_Biodiversity.html
2025-12-11 20:19:58,761 - INFO -    ↳ [67/106] SC/BIOL 4270 3.00 – Integrative Reproduction: Questions and Concepts
2025-12-11 20:19:59,034 - INFO -       💾 Saved SC_BIOL 4270 3.00_Integrative Reproduction_ Questions and Concepts.html
2025-12-11 20:20:09,128 - INFO -    ↳ [68/106] SC/BIOL 4275 4.00 – Fungi: Threads of Life
2025-12-11 20:20:09,366 - INFO -       💾 Saved SC_BIOL 4275 4.00_Fungi_ Threads of Life.html
2025-12-11 20:20:18,511 - INFO -    ↳ [69/106] SC/BIOL 4285 3.00 – Human Molecular Genetics
2025-12-11 20:20:18,888 - INFO -       💾 Saved SC_BIOL 4285 3.00_Human Molecular Genetics.html
2025-12-11 20:20:28,006 - INFO -    ↳ [70/106] SC/BIOL 4290 4.00 – Biotechnology
2025-12-11 20:20:28,359 - INFO -       💾 Saved SC_BIOL 4290 4.00_Biotechnology.html
2025-12-11 20:20:36,084 - INFO -    ↳ [71/106] SC/BIOL 4305 3.00 – Controversies in the Modern Life Sciences
2025-12-11 20:20:36,335 - INFO -       💾 Saved SC_BIOL 4305 3.00_Controversies in the Modern Life Sciences.html
2025-12-11 20:20:46,869 - INFO -    ↳ [72/106] SC/BIOL 4310 3.00 – Physiology of Circadian Timing
2025-12-11 20:20:47,133 - INFO -       💾 Saved SC_BIOL 4310 3.00_Physiology of Circadian Timing.html
2025-12-11 20:20:57,715 - INFO -    ↳ [73/106] SC/BIOL 4320 3.00 – Vertebrate Endocrinology
2025-12-11 20:20:58,059 - INFO -       💾 Saved SC_BIOL 4320 3.00_Vertebrate Endocrinology.html
2025-12-11 20:21:06,009 - INFO -    ↳ [74/106] SC/BIOL 4340 3.00 – Fish Biology
2025-12-11 20:21:06,314 - INFO -       💾 Saved SC_BIOL 4340 3.00_Fish Biology.html
2025-12-11 20:21:15,901 - INFO -    ↳ [75/106] SC/BIOL 4360 3.00 – Parasitology
2025-12-11 20:21:16,227 - INFO -       💾 Saved SC_BIOL 4360 3.00_Parasitology.html
2025-12-11 20:21:25,811 - INFO -    ↳ [76/106] SC/BIOL 4370 3.00 – Neurobiology
2025-12-11 20:21:26,132 - INFO -       💾 Saved SC_BIOL 4370 3.00_Neurobiology.html
2025-12-11 20:21:36,317 - INFO -    ↳ [77/106] SC/BIOL 4380 3.00 – Systems Neuroscience
2025-12-11 20:21:36,633 - INFO -       💾 Saved SC_BIOL 4380 3.00_Systems Neuroscience.html
2025-12-11 20:21:46,665 - INFO -    ↳ [78/106] SC/BIOL 4390 3.00 – Population Genetics
2025-12-11 20:21:46,997 - INFO -       💾 Saved SC_BIOL 4390 3.00_Population Genetics.html
2025-12-11 20:21:55,066 - INFO -    ↳ [79/106] SC/BIOL 4400 3.00 – Behavioural Genetics
2025-12-11 20:21:55,380 - INFO -       💾 Saved SC_BIOL 4400 3.00_Behavioural Genetics.html
2025-12-11 20:22:03,006 - INFO -    ↳ [80/106] SC/BIOL 4450 4.00 – Animal Development
2025-12-11 20:22:03,306 - INFO -       💾 Saved SC_BIOL 4450 4.00_Animal Development.html
2025-12-11 20:22:11,920 - INFO -    ↳ [81/106] SC/BIOL 4510 3.00 – Cellular and Molecular Basis of Muscle Physiology
2025-12-11 20:22:12,212 - INFO -       💾 Saved SC_BIOL 4510 3.00_Cellular and Molecular Basis of Muscle Physiology.html
2025-12-11 20:22:22,610 - INFO -    ↳ [82/106] SC/BIOL 4601 0.00 – Research Practicum
2025-12-11 20:22:22,879 - INFO -       💾 Saved SC_BIOL 4601 0.00_Research Practicum.html
2025-12-11 20:22:30,487 - INFO -    ↳ [83/106] SC/BIOL 4602 0.00 – Research Practicum
2025-12-11 20:22:30,812 - INFO -       💾 Saved SC_BIOL 4602 0.00_Research Practicum.html
2025-12-11 20:22:38,753 - INFO -    ↳ [84/106] SC/BIOL 4700 3.00 – Current Topics in Environmental Biology
2025-12-11 20:22:39,049 - INFO -       💾 Saved SC_BIOL 4700 3.00_Current Topics in Environmental Biology.html
2025-12-11 20:22:48,028 - INFO -    ↳ [85/106] SC/BIOL 4720 3.00 – Environmental Contaminants: Impacts on Organisms and Ecosystems
2025-12-11 20:22:48,311 - INFO -       💾 Saved SC_BIOL 4720 3.00_Environmental Contaminants_ Impacts on Organisms and Ecosystems.html
2025-12-11 20:22:58,153 - INFO -    ↳ [86/106] SC/BIOL 4800 3.00 – Environmental Science Capstone
2025-12-11 20:22:58,416 - INFO -       💾 Saved SC_BIOL 4800 3.00_Environmental Science Capstone.html
2025-12-11 20:23:09,186 - INFO -    ↳ [87/106] GS/BIOL 5028 1.50 – Topics in Molecular Biology II: Proteins
2025-12-11 20:23:09,515 - INFO -       💾 Saved GS_BIOL 5028 1.50_Topics in Molecular Biology II_ Proteins.html
2025-12-11 20:23:18,544 - INFO -    ↳ [88/106] GS/BIOL 5030 1.50 – Topics in Molecular Biology IV: Signal Transduction
2025-12-11 20:23:18,813 - INFO -       💾 Saved GS_BIOL 5030 1.50_Topics in Molecular Biology IV_ Signal Transduction.html
2025-12-11 20:23:28,368 - INFO -    ↳ [89/106] GS/BIOL 5038 1.50 – Current Topics in Molecular and Cellular Biology
2025-12-11 20:23:28,671 - INFO -       💾 Saved GS_BIOL 5038 1.50_Current Topics in Molecular and Cellular Biology.html
2025-12-11 20:23:36,703 - INFO -    ↳ [90/106] GS/BIOL 5081 3.00 – Intro. To Biostatistics
2025-12-11 20:23:36,988 - INFO -       💾 Saved GS_BIOL 5081 3.00_Intro. To Biostatistics.html
2025-12-11 20:23:46,937 - INFO -    ↳ [91/106] GS/BIOL 5086 1.50 – Critical Skills in Ecology and Evolution
2025-12-11 20:23:47,235 - INFO -       💾 Saved GS_BIOL 5086 1.50_Critical Skills in Ecology and Evolution.html
2025-12-11 20:23:54,718 - INFO -    ↳ [92/106] GS/BIOL 5088 1.50 – Advanced Topics in Ecology and Evolution
2025-12-11 20:23:55,039 - INFO -       💾 Saved GS_BIOL 5088 1.50_Advanced Topics in Ecology and Evolution.html
2025-12-11 20:24:05,478 - INFO -    ↳ [93/106] GS/BIOL 5100 1.50 – Critical Skills in Animal Physiology
2025-12-11 20:24:05,717 - INFO -       💾 Saved GS_BIOL 5100 1.50_Critical Skills in Animal Physiology.html
2025-12-11 20:24:14,998 - INFO -    ↳ [94/106] GS/BIOL 5128 1.50 – Current Topics in Comparative and Intergrative Animal Pysiology
2025-12-11 20:24:15,280 - INFO -       💾 Saved GS_BIOL 5128 1.50_Current Topics in Comparative and Intergrative Animal Pysiology.html
2025-12-11 20:24:24,220 - INFO -    ↳ [95/106] GS/BIOL 5144 3.00 – Computer Programming for Experimental Psychology
2025-12-11 20:24:24,528 - INFO -       💾 Saved GS_BIOL 5144 3.00_Computer Programming for Experimental Psychology.html
2025-12-11 20:24:33,630 - INFO -    ↳ [96/106] GS/BIOL 5146 3.00 – Fundamentals of Neuroscience I: Structures, Neurons and Synapses
2025-12-11 20:24:33,918 - INFO -       💾 Saved GS_BIOL 5146 3.00_Fundamentals of Neuroscience I_ Structures, Neurons and Synapses.html
2025-12-11 20:24:42,089 - INFO -    ↳ [97/106] GS/BIOL 5147 3.00 – Fundamentals of Neuroscience II: Circuits, Systems and Behaviour
2025-12-11 20:24:42,366 - INFO -       💾 Saved GS_BIOL 5147 3.00_Fundamentals of Neuroscience II_ Circuits, Systems and Behaviour.html
2025-12-11 20:24:51,823 - INFO -    ↳ [98/106] GS/BIOL 5151 1.50 – Current Topics in Endocrinology
2025-12-11 20:24:52,088 - INFO -       💾 Saved GS_BIOL 5151 1.50_Current Topics in Endocrinology.html
2025-12-11 20:25:00,238 - INFO -    ↳ [99/106] GS/BIOL 5154 3.00 – Stem Cells and Tissue Regeneration
2025-12-11 20:25:00,622 - INFO -       💾 Saved GS_BIOL 5154 3.00_Stem Cells and Tissue Regeneration.html
2025-12-11 20:25:10,771 - INFO -    ↳ [100/106] GS/BIOL 6021 3.00 – M.Sc. Research Evaluation
2025-12-11 20:25:11,069 - INFO -       💾 Saved GS_BIOL 6021 3.00_M.Sc. Research Evaluation.html
2025-12-11 20:25:19,283 - INFO -    ↳ [101/106] GS/BIOL 6022 3.00 – M.Sc. Research Evaluation
2025-12-11 20:25:19,574 - INFO -       💾 Saved GS_BIOL 6022 3.00_M.Sc. Research Evaluation.html
2025-12-11 20:25:30,718 - INFO -    ↳ [102/106] GS/BIOL 6803 3.00 – Micro-fluidics for Cellular and Molecular Biology
2025-12-11 20:25:31,046 - INFO -       💾 Saved GS_BIOL 6803 3.00_Micro-fluidics for Cellular and Molecular Biology.html
2025-12-11 20:25:40,391 - INFO -    ↳ [103/106] GS/BIOL 7021 3.00 – Ph.D. Research Evaluation
2025-12-11 20:25:40,716 - INFO -       💾 Saved GS_BIOL 7021 3.00_Ph.D. Research Evaluation.html
2025-12-11 20:25:50,598 - INFO -    ↳ [104/106] GS/BIOL 7022 3.00 – Ph.D. Research Evaluation
2025-12-11 20:25:50,882 - INFO -       💾 Saved GS_BIOL 7022 3.00_Ph.D. Research Evaluation.html
2025-12-11 20:25:59,197 - INFO -    ↳ [105/106] GS/BIOL 7023 3.00 – Ph.D. Research Evaluation
2025-12-11 20:25:59,493 - INFO -       💾 Saved GS_BIOL 7023 3.00_Ph.D. Research Evaluation.html
2025-12-11 20:26:07,071 - INFO -    ↳ [106/106] GS/BIOL 7024 3.00 – Ph.D. Research Evaluation
2025-12-11 20:26:07,335 - INFO -       💾 Saved GS_BIOL 7024 3.00_Ph.D. Research Evaluation.html
2025-12-11 20:26:17,938 - INFO -    ↩️ Returning to main search page...
2025-12-11 20:26:19,858 - INFO - ✅ Finished BIOL - Biology - ( ED, SC, GS, GL ) (saved to progress.txt)
2025-12-11 20:26:25,874 - INFO - 
🎓 [16/217] Scraping subject: BIOT - Biotechnology - ( GS )
2025-12-11 20:26:25,874 - INFO -    🧭 Selecting subject BIOT - Biotechnology - ( GS ) ...
2025-12-11 20:26:31,065 - INFO -    → Found 0 courses
2025-12-11 20:26:31,066 - INFO -    ↩️ Returning to main search page...
2025-12-11 20:26:33,236 - INFO - ✅ Finished BIOT - Biotechnology - ( GS ) (saved to progress.txt)
2025-12-11 20:26:38,069 - INFO - 
🎓 [17/217] Scraping subject: BLIS - International Business Law - ( GS )
2025-12-11 20:26:38,069 - INFO -    🧭 Selecting subject BLIS - International Business Law - ( GS ) ...
2025-12-11 20:26:43,844 - INFO -    → Found 0 courses
2025-12-11 20:26:43,844 - INFO -    ↩️ Returning to main search page...
2025-12-11 20:26:45,632 - INFO - ✅ Finished BLIS - International Business Law - ( GS ) (saved to progress.txt)
2025-12-11 20:26:50,893 - INFO - 
🎓 [18/217] Scraping subject: BPHS - Biophysics - ( SC )
2025-12-11 20:26:50,893 - INFO -    🧭 Selecting subject BPHS - Biophysics - ( SC ) ...
2025-12-11 20:26:57,231 - INFO -    → Found 4 courses
2025-12-11 20:26:57,231 - INFO -    ↳ [1/4] SC/BPHS 2090 3.00 – Current Topics in Biophysics
2025-12-11 20:26:57,529 - INFO -       💾 Saved SC_BPHS 2090 3.00_Current Topics in Biophysics.html
2025-12-11 20:27:05,278 - INFO -    ↳ [2/4] SC/BPHS 3900 0.00 – Biophysics Internship Work Term
2025-12-11 20:27:05,611 - INFO -       💾 Saved SC_BPHS 3900 0.00_Biophysics Internship Work Term.html
2025-12-11 20:27:16,185 - INFO -    ↳ [3/4] SC/BPHS 4080 3.00 – Cellular Electrodynamics
2025-12-11 20:27:16,476 - WARNING -       ❌ Attempt 1 failed: Page.goto: Target page, context or browser has been closed
Call log:
  - navigating to "https://w2prod.sis.yorku.ca/Apps/WebObjects/cdm.woa/8/wo/bnROn4H0GfpG28zUddnVtw/2.3.10.8.3.2.0.5", waiting until "domcontentloaded"

2025-12-11 20:27:26,336 - WARNING -       ❌ Attempt 2 failed: Page.goto: Target page, context or browser has been closed
2025-12-11 20:27:32,407 - WARNING -       ❌ Attempt 3 failed: Page.goto: Target page, context or browser has been closed
2025-12-11 20:27:32,408 - ERROR -       ❌ Max retries reached for york_courses/BPHS - Biophysics - ( SC )/SC_BPHS 4080 3.00_Cellular Electrodynamics.html
2025-12-11 20:27:32,408 - INFO -    ↳ [4/4] SC/BPHS 4310 3.00 – Biophysics Research Project
2025-12-11 20:27:32,411 - WARNING -       ❌ Attempt 1 failed: Page.goto: Target page, context or browser has been closed
2025-12-11 20:27:37,806 - WARNING -       ❌ Attempt 2 failed: Page.goto: Target page, context or browser has been closed
2025-12-11 20:27:47,895 - WARNING -       ❌ Attempt 3 failed: Page.goto: Target page, context or browser has been closed
2025-12-11 20:27:47,895 - ERROR -       ❌ Max retries reached for york_courses/BPHS - Biophysics - ( SC )/SC_BPHS 4310 3.00_Biophysics Research Project.html
2025-12-11 20:27:47,897 - INFO -    ↩️ Returning to main search page...
2025-12-11 20:27:47,901 - WARNING - ⚠️ Failed to return to main: Page.goto: Target page, context or browser has been closed
2025-12-11 20:27:47,902 - INFO - ✅ Finished BPHS - Biophysics - ( SC ) (saved to progress.txt)
2025-12-11 20:27:53,426 - INFO - 
🎓 [19/217] Scraping subject: BUEC - Business Economics - ( GL )
2025-12-11 20:27:53,426 - INFO -    🧭 Selecting subject BUEC - Business Economics - ( GL ) ...
2025-12-11 20:27:53,429 - WARNING - ⚠️ subjectSelect not found — reloading main York site.
2025-12-11 20:27:53,429 - INFO - 🔄 Re-loading main York course site...
2025-12-11 20:27:53,432 - WARNING - ⚠️ Reload attempt 1 failed: Page.goto: Target page, context or browser has been closed
2025-12-11 20:27:53,432 - INFO -    ⏳ Waiting 10s before retry...
2025-12-11 20:28:03,436 - WARNING - ⚠️ Reload attempt 2 failed: Page.goto: Target page, context or browser has been closed
2025-12-11 20:28:03,437 - INFO -    ⏳ Waiting 20s before retry...
2025-12-11 20:28:23,440 - WARNING - ⚠️ Reload attempt 3 failed: Page.goto: Target page, context or browser has been closed
2025-12-11 20:28:23,441 - ERROR - ❌ All reload attempts failed. Continuing with next subject.
2025-12-11 20:28:23,441 - INFO - 
🎓 [20/217] Scraping subject: BUSI - Business Studies - ( ED )
2025-12-11 20:28:23,441 - INFO -    🧭 Selecting subject BUSI - Business Studies - ( ED ) ...
2025-12-11 20:28:23,444 - WARNING - ⚠️ subjectSelect not found — reloading main York site.
2025-12-11 20:28:23,444 - INFO - 🔄 Re-loading main York course site...
2025-12-11 20:28:23,447 - WARNING - ⚠️ Reload attempt 1 failed: Page.goto: Target page, context or browser has been closed
2025-12-11 20:28:23,447 - INFO -    ⏳ Waiting 10s before retry...
2025-12-11 20:28:33,451 - WARNING - ⚠️ Reload attempt 2 failed: Page.goto: Target page, context or browser has been closed
2025-12-11 20:28:33,451 - INFO -    ⏳ Waiting 20s before retry...
2025-12-11 20:28:53,455 - WARNING - ⚠️ Reload attempt 3 failed: Page.goto: Target page, context or browser has been closed
2025-12-11 20:28:53,455 - ERROR - ❌ All reload attempts failed. Continuing with next subject.
2025-12-11 20:28:53,456 - INFO - 
🎓 [21/217] Scraping subject: CAPS - Capstone Course - ( SC )
2025-12-11 20:28:53,456 - WARNING - ⚠️ Too many errors — cooling down for 10 minutes...
2025-12-11 20:38:53,456 - INFO -    🧭 Selecting subject CAPS - Capstone Course - ( SC ) ...
2025-12-11 20:38:53,458 - WARNING - ⚠️ subjectSelect not found — reloading main York site.
2025-12-11 20:38:53,458 - INFO - 🔄 Re-loading main York course site...
2025-12-11 20:38:53,460 - WARNING - ⚠️ Reload attempt 1 failed: Page.goto: Target page, context or browser has been closed
2025-12-11 20:38:53,460 - INFO -    ⏳ Waiting 10s before retry...
2025-12-11 20:39:03,464 - WARNING - ⚠️ Reload attempt 2 failed: Page.goto: Target page, context or browser has been closed
2025-12-11 20:39:03,465 - INFO -    ⏳ Waiting 20s before retry...
2025-12-11 20:39:23,468 - WARNING - ⚠️ Reload attempt 3 failed: Page.goto: Target page, context or browser has been closed
2025-12-11 20:39:23,469 - ERROR - ❌ All reload attempts failed. Continuing with next subject.
2025-12-11 20:39:23,469 - INFO - 
🎓 [22/217] Scraping subject: CCLW - Canadian Common Law - ( GS )
2025-12-11 20:39:23,469 - INFO -    🧭 Selecting subject CCLW - Canadian Common Law - ( GS ) ...
2025-12-11 20:39:23,472 - WARNING - ⚠️ subjectSelect not found — reloading main York site.
2025-12-11 20:39:23,472 - INFO - 🔄 Re-loading main York course site...
2025-12-11 20:39:23,475 - WARNING - ⚠️ Reload attempt 1 failed: Page.goto: Target page, context or browser has been closed
2025-12-11 20:39:23,475 - INFO -    ⏳ Waiting 10s before retry...
2025-12-11 20:39:33,479 - WARNING - ⚠️ Reload attempt 2 failed: Page.goto: Target page, context or browser has been closed
2025-12-11 20:39:33,479 - INFO -    ⏳ Waiting 20s before retry...
2025-12-11 20:39:53,483 - WARNING - ⚠️ Reload attempt 3 failed: Page.goto: Target page, context or browser has been closed
2025-12-11 20:39:53,484 - ERROR - ❌ All reload attempts failed. Continuing with next subject.
2025-12-11 20:39:53,484 - INFO - 
🎓 [23/217] Scraping subject: CCY - Children, Childhood and Youth - ( AP )
2025-12-11 20:39:53,484 - INFO -    🧭 Selecting subject CCY - Children, Childhood and Youth - ( AP ) ...
2025-12-11 20:39:53,487 - WARNING - ⚠️ subjectSelect not found — reloading main York site.
2025-12-11 20:39:53,487 - INFO - 🔄 Re-loading main York course site...
2025-12-11 20:39:53,490 - WARNING - ⚠️ Reload attempt 1 failed: Page.goto: Target page, context or browser has been closed
2025-12-11 20:39:53,490 - INFO -    ⏳ Waiting 10s before retry...
2025-12-11 20:40:03,494 - WARNING - ⚠️ Reload attempt 2 failed: Page.goto: Target page, context or browser has been closed
2025-12-11 20:40:03,494 - INFO -    ⏳ Waiting 20s before retry...
2025-12-11 20:40:23,498 - WARNING - ⚠️ Reload attempt 3 failed: Page.goto: Target page, context or browser has been closed
2025-12-11 20:40:23,499 - ERROR - ❌ All reload attempts failed. Continuing with next subject.
2025-12-11 20:40:23,499 - INFO - 
🎓 [24/217] Scraping subject: CDIS - Critical Disability - ( GS )
2025-12-11 20:40:23,499 - INFO -    🧭 Selecting subject CDIS - Critical Disability - ( GS ) ...
2025-12-11 20:40:23,502 - WARNING - ⚠️ subjectSelect not found — reloading main York site.
2025-12-11 20:40:23,502 - INFO - 🔄 Re-loading main York course site...
2025-12-11 20:40:23,506 - WARNING - ⚠️ Reload attempt 1 failed: Page.goto: Target page, context or browser has been closed
2025-12-11 20:40:23,506 - INFO -    ⏳ Waiting 10s before retry...
2025-12-11 20:40:33,510 - WARNING - ⚠️ Reload attempt 2 failed: Page.goto: Target page, context or browser has been closed
2025-12-11 20:40:33,510 - INFO -    ⏳ Waiting 20s before retry...
2025-12-11 20:40:53,514 - WARNING - ⚠️ Reload attempt 3 failed: Page.goto: Target page, context or browser has been closed
2025-12-11 20:40:53,514 - ERROR - ❌ All reload attempts failed. Continuing with next subject.
2025-12-11 20:40:53,514 - INFO - 
🎓 [25/217] Scraping subject: CDNS - Canadian Studies - ( GL )
2025-12-11 20:40:53,514 - INFO -    🧭 Selecting subject CDNS - Canadian Studies - ( GL ) ...
2025-12-11 20:40:53,517 - WARNING - ⚠️ subjectSelect not found — reloading main York site.
2025-12-11 20:40:53,517 - INFO - 🔄 Re-loading main York course site...
2025-12-11 20:40:53,520 - WARNING - ⚠️ Reload attempt 1 failed: Page.goto: Target page, context or browser has been closed
2025-12-11 20:40:53,521 - INFO -    ⏳ Waiting 10s before retry...
2025-12-11 20:41:03,524 - WARNING - ⚠️ Reload attempt 2 failed: Page.goto: Target page, context or browser has been closed
2025-12-11 20:41:03,525 - INFO -    ⏳ Waiting 20s before retry...
2025-12-11 20:41:23,529 - WARNING - ⚠️ Reload attempt 3 failed: Page.goto: Target page, context or browser has been closed
2025-12-11 20:41:23,529 - ERROR - ❌ All reload attempts failed. Continuing with next subject.
2025-12-11 20:41:23,529 - INFO - 
🎓 [26/217] Scraping subject: CGTA - Canadian Univ. Graduate Transfer Agreement - ( GS )
2025-12-11 20:41:23,529 - WARNING - ⚠️ Too many errors — cooling down for 10 minutes...
2025-12-11 20:51:23,530 - INFO -    🧭 Selecting subject CGTA - Canadian Univ. Graduate Transfer Agreement - ( GS ) ...
2025-12-11 20:51:23,533 - WARNING - ⚠️ subjectSelect not found — reloading main York site.
2025-12-11 20:51:23,533 - INFO - 🔄 Re-loading main York course site...
2025-12-11 20:51:23,536 - WARNING - ⚠️ Reload attempt 1 failed: Page.goto: Target page, context or browser has been closed
2025-12-11 20:51:23,536 - INFO -    ⏳ Waiting 10s before retry...
2025-12-11 20:51:33,540 - WARNING - ⚠️ Reload attempt 2 failed: Page.goto: Target page, context or browser has been closed
2025-12-11 20:51:33,541 - INFO -    ⏳ Waiting 20s before retry...
2025-12-11 20:51:53,545 - WARNING - ⚠️ Reload attempt 3 failed: Page.goto: Target page, context or browser has been closed
2025-12-11 20:51:53,545 - ERROR - ❌ All reload attempts failed. Continuing with next subject.
2025-12-11 20:51:53,545 - INFO - 
🎓 [27/217] Scraping subject: CH - Chinese - ( AP )
2025-12-11 20:51:53,546 - INFO -    🧭 Selecting subject CH - Chinese - ( AP ) ...
2025-12-11 20:51:53,548 - WARNING - ⚠️ subjectSelect not found — reloading main York site.
2025-12-11 20:51:53,548 - INFO - 🔄 Re-loading main York course site...
2025-12-11 20:51:53,552 - WARNING - ⚠️ Reload attempt 1 failed: Page.goto: Target page, context or browser has been closed
2025-12-11 20:51:53,552 - INFO -    ⏳ Waiting 10s before retry...
2025-12-11 20:52:03,556 - WARNING - ⚠️ Reload attempt 2 failed: Page.goto: Target page, context or browser has been closed
2025-12-11 20:52:03,556 - INFO -    ⏳ Waiting 20s before retry...
2025-12-11 20:52:23,560 - WARNING - ⚠️ Reload attempt 3 failed: Page.goto: Target page, context or browser has been closed
2025-12-11 20:52:23,560 - ERROR - ❌ All reload attempts failed. Continuing with next subject.
2025-12-11 20:52:23,560 - INFO - 
🎓 [28/217] Scraping subject: CHEM - Chemistry - ( ED, GS, SC )
2025-12-11 20:52:23,560 - INFO -    🧭 Selecting subject CHEM - Chemistry - ( ED, GS, SC ) ...
2025-12-11 20:52:23,563 - WARNING - ⚠️ subjectSelect not found — reloading main York site.
2025-12-11 20:52:23,563 - INFO - 🔄 Re-loading main York course site...
2025-12-11 20:52:23,566 - WARNING - ⚠️ Reload attempt 1 failed: Page.goto: Target page, context or browser has been closed
2025-12-11 20:52:23,566 - INFO -    ⏳ Waiting 10s before retry...
2025-12-11 20:52:33,570 - WARNING - ⚠️ Reload attempt 2 failed: Page.goto: Target page, context or browser has been closed
2025-12-11 20:52:33,571 - INFO -    ⏳ Waiting 20s before retry...
2025-12-11 20:52:53,574 - WARNING - ⚠️ Reload attempt 3 failed: Page.goto: Target page, context or browser has been closed
2025-12-11 20:52:53,575 - ERROR - ❌ All reload attempts failed. Continuing with next subject.
2025-12-11 20:52:53,575 - INFO - 
🎓 [29/217] Scraping subject: CIVL - Civil Engineering - ( GS, LE )
2025-12-11 20:52:53,575 - INFO -    🧭 Selecting subject CIVL - Civil Engineering - ( GS, LE ) ...
2025-12-11 20:52:53,577 - WARNING - ⚠️ subjectSelect not found — reloading main York site.
2025-12-11 20:52:53,578 - INFO - 🔄 Re-loading main York course site...
2025-12-11 20:52:53,581 - WARNING - ⚠️ Reload attempt 1 failed: Page.goto: Target page, context or browser has been closed
2025-12-11 20:52:53,581 - INFO -    ⏳ Waiting 10s before retry...
2025-12-11 20:53:03,586 - WARNING - ⚠️ Reload attempt 2 failed: Page.goto: Target page, context or browser has been closed
2025-12-11 20:53:03,586 - INFO -    ⏳ Waiting 20s before retry...
2025-12-11 20:53:23,590 - WARNING - ⚠️ Reload attempt 3 failed: Page.goto: Target page, context or browser has been closed
2025-12-11 20:53:23,590 - ERROR - ❌ All reload attempts failed. Continuing with next subject.
2025-12-11 20:53:23,590 - INFO - 
🎓 [30/217] Scraping subject: CLDR - Civil Litigation & Dispute Resolution - ( GS )
2025-12-11 20:53:23,591 - INFO -    🧭 Selecting subject CLDR - Civil Litigation & Dispute Resolution - ( GS ) ...
2025-12-11 20:53:23,593 - WARNING - ⚠️ subjectSelect not found — reloading main York site.
2025-12-11 20:53:23,593 - INFO - 🔄 Re-loading main York course site...
2025-12-11 20:53:23,597 - WARNING - ⚠️ Reload attempt 1 failed: Page.goto: Target page, context or browser has been closed
2025-12-11 20:53:23,597 - INFO -    ⏳ Waiting 10s before retry...
2025-12-11 20:53:33,601 - WARNING - ⚠️ Reload attempt 2 failed: Page.goto: Target page, context or browser has been closed
2025-12-11 20:53:33,601 - INFO -    ⏳ Waiting 20s before retry...
2025-12-11 20:53:53,605 - WARNING - ⚠️ Reload attempt 3 failed: Page.goto: Target page, context or browser has been closed
2025-12-11 20:53:53,605 - ERROR - ❌ All reload attempts failed. Continuing with next subject.
2025-12-11 20:53:53,605 - INFO - 
🎓 [31/217] Scraping subject: CLST - Classical Studies - ( AP )
2025-12-11 20:53:53,606 - WARNING - ⚠️ Too many errors — cooling down for 10 minutes...
2025-12-11 21:03:53,606 - INFO -    🧭 Selecting subject CLST - Classical Studies - ( AP ) ...
2025-12-11 21:03:53,609 - WARNING - ⚠️ subjectSelect not found — reloading main York site.
2025-12-11 21:03:53,609 - INFO - 🔄 Re-loading main York course site...
2025-12-11 21:03:53,612 - WARNING - ⚠️ Reload attempt 1 failed: Page.goto: Target page, context or browser has been closed
2025-12-11 21:03:53,612 - INFO -    ⏳ Waiting 10s before retry...
2025-12-11 21:04:03,616 - WARNING - ⚠️ Reload attempt 2 failed: Page.goto: Target page, context or browser has been closed
2025-12-11 21:04:03,616 - INFO -    ⏳ Waiting 20s before retry...
2025-12-11 21:04:23,620 - WARNING - ⚠️ Reload attempt 3 failed: Page.goto: Target page, context or browser has been closed
2025-12-11 21:04:23,620 - ERROR - ❌ All reload attempts failed. Continuing with next subject.
2025-12-11 21:04:23,620 - INFO - 
🎓 [32/217] Scraping subject: CLTC - Constitutional Law and The Charter - ( GS )
2025-12-11 21:04:23,620 - INFO -    🧭 Selecting subject CLTC - Constitutional Law and The Charter - ( GS ) ...
2025-12-11 21:04:23,624 - WARNING - ⚠️ subjectSelect not found — reloading main York site.
2025-12-11 21:04:23,624 - INFO - 🔄 Re-loading main York course site...
2025-12-11 21:04:23,627 - WARNING - ⚠️ Reload attempt 1 failed: Page.goto: Target page, context or browser has been closed
2025-12-11 21:04:23,627 - INFO -    ⏳ Waiting 10s before retry...
2025-12-11 21:04:33,631 - WARNING - ⚠️ Reload attempt 2 failed: Page.goto: Target page, context or browser has been closed
2025-12-11 21:04:33,632 - INFO -    ⏳ Waiting 20s before retry...
2025-12-11 21:04:53,635 - WARNING - ⚠️ Reload attempt 3 failed: Page.goto: Target page, context or browser has been closed
2025-12-11 21:04:53,635 - ERROR - ❌ All reload attempts failed. Continuing with next subject.
2025-12-11 21:04:53,635 - INFO - 
🎓 [33/217] Scraping subject: CLTR - Culture - ( AP )
2025-12-11 21:04:53,635 - INFO -    🧭 Selecting subject CLTR - Culture - ( AP ) ...
2025-12-11 21:04:53,638 - WARNING - ⚠️ subjectSelect not found — reloading main York site.
2025-12-11 21:04:53,638 - INFO - 🔄 Re-loading main York course site...
2025-12-11 21:04:53,642 - WARNING - ⚠️ Reload attempt 1 failed: Page.goto: Target page, context or browser has been closed
2025-12-11 21:04:53,642 - INFO -    ⏳ Waiting 10s before retry...
2025-12-11 21:05:03,644 - WARNING - ⚠️ Reload attempt 2 failed: Page.goto: Target page, context or browser has been closed
2025-12-11 21:05:03,644 - INFO -    ⏳ Waiting 20s before retry...
2025-12-11 21:05:23,647 - WARNING - ⚠️ Reload attempt 3 failed: Page.goto: Target page, context or browser has been closed
2025-12-11 21:05:23,648 - ERROR - ❌ All reload attempts failed. Continuing with next subject.
2025-12-11 21:05:23,648 - INFO - 
🎓 [34/217] Scraping subject: CLWP - Criminal and Law Procedure - ( GS )
2025-12-11 21:05:23,648 - INFO -    🧭 Selecting subject CLWP - Criminal and Law Procedure - ( GS ) ...
2025-12-11 21:05:23,650 - WARNING - ⚠️ subjectSelect not found — reloading main York site.
2025-12-11 21:05:23,650 - INFO - 🔄 Re-loading main York course site...
2025-12-11 21:05:23,653 - WARNING - ⚠️ Reload attempt 1 failed: Page.goto: Target page, context or browser has been closed
2025-12-11 21:05:23,654 - INFO -    ⏳ Waiting 10s before retry...
2025-12-11 21:05:33,656 - WARNING - ⚠️ Reload attempt 2 failed: Page.goto: Target page, context or browser has been closed
2025-12-11 21:05:33,656 - INFO -    ⏳ Waiting 20s before retry...
2025-12-11 21:05:53,658 - WARNING - ⚠️ Reload attempt 3 failed: Page.goto: Target page, context or browser has been closed
2025-12-11 21:05:53,658 - ERROR - ❌ All reload attempts failed. Continuing with next subject.
2025-12-11 21:05:53,658 - INFO - 
🎓 [35/217] Scraping subject: CMA - Cinema and Media Arts - ( FA )
2025-12-11 21:05:53,658 - INFO -    🧭 Selecting subject CMA - Cinema and Media Arts - ( FA ) ...
2025-12-11 21:05:53,659 - WARNING - ⚠️ subjectSelect not found — reloading main York site.
2025-12-11 21:05:53,659 - INFO - 🔄 Re-loading main York course site...
2025-12-11 21:05:53,661 - WARNING - ⚠️ Reload attempt 1 failed: Page.goto: Target page, context or browser has been closed
2025-12-11 21:05:53,661 - INFO -    ⏳ Waiting 10s before retry...
2025-12-11 21:06:03,663 - WARNING - ⚠️ Reload attempt 2 failed: Page.goto: Target page, context or browser has been closed
2025-12-11 21:06:03,663 - INFO -    ⏳ Waiting 20s before retry...
2025-12-11 21:06:23,667 - WARNING - ⚠️ Reload attempt 3 failed: Page.goto: Target page, context or browser has been closed
2025-12-11 21:06:23,667 - ERROR - ❌ All reload attempts failed. Continuing with next subject.
2025-12-11 21:06:23,667 - INFO - 
🎓 [36/217] Scraping subject: CMCT - Communication and Culture - ( GS )
2025-12-11 21:06:23,667 - WARNING - ⚠️ Too many errors — cooling down for 10 minutes...
2025-12-11 21:16:23,668 - INFO -    🧭 Selecting subject CMCT - Communication and Culture - ( GS ) ...
2025-12-11 21:16:23,671 - WARNING - ⚠️ subjectSelect not found — reloading main York site.
2025-12-11 21:16:23,671 - INFO - 🔄 Re-loading main York course site...
2025-12-11 21:16:23,674 - WARNING - ⚠️ Reload attempt 1 failed: Page.goto: Target page, context or browser has been closed
2025-12-11 21:16:23,675 - INFO -    ⏳ Waiting 10s before retry...
2025-12-11 21:16:33,679 - WARNING - ⚠️ Reload attempt 2 failed: Page.goto: Target page, context or browser has been closed
2025-12-11 21:16:33,679 - INFO -    ⏳ Waiting 20s before retry...
2025-12-11 21:16:53,683 - WARNING - ⚠️ Reload attempt 3 failed: Page.goto: Target page, context or browser has been closed
2025-12-11 21:16:53,683 - ERROR - ❌ All reload attempts failed. Continuing with next subject.
2025-12-11 21:16:53,683 - INFO - 
🎓 [37/217] Scraping subject: CMDS - Communication and Media Studies - ( AP )
2025-12-11 21:16:53,683 - INFO -    🧭 Selecting subject CMDS - Communication and Media Studies - ( AP ) ...
2025-12-11 21:16:53,686 - WARNING - ⚠️ subjectSelect not found — reloading main York site.
2025-12-11 21:16:53,686 - INFO - 🔄 Re-loading main York course site...
2025-12-11 21:16:53,689 - WARNING - ⚠️ Reload attempt 1 failed: Page.goto: Target page, context or browser has been closed
2025-12-11 21:16:53,690 - INFO -    ⏳ Waiting 10s before retry...
2025-12-11 21:17:03,694 - WARNING - ⚠️ Reload attempt 2 failed: Page.goto: Target page, context or browser has been closed
2025-12-11 21:17:03,694 - INFO -    ⏳ Waiting 20s before retry...
2025-12-11 21:17:23,698 - WARNING - ⚠️ Reload attempt 3 failed: Page.goto: Target page, context or browser has been closed
2025-12-11 21:17:23,699 - ERROR - ❌ All reload attempts failed. Continuing with next subject.
2025-12-11 21:17:23,699 - INFO - 
🎓 [38/217] Scraping subject: CNLW - Construction Law - ( GS )
2025-12-11 21:17:23,699 - INFO -    🧭 Selecting subject CNLW - Construction Law - ( GS ) ...
2025-12-11 21:17:23,702 - WARNING - ⚠️ subjectSelect not found — reloading main York site.
2025-12-11 21:17:23,702 - INFO - 🔄 Re-loading main York course site...
2025-12-11 21:17:23,705 - WARNING - ⚠️ Reload attempt 1 failed: Page.goto: Target page, context or browser has been closed
2025-12-11 21:17:23,705 - INFO -    ⏳ Waiting 10s before retry...
2025-12-11 21:17:33,709 - WARNING - ⚠️ Reload attempt 2 failed: Page.goto: Target page, context or browser has been closed
2025-12-11 21:17:33,709 - INFO -    ⏳ Waiting 20s before retry...
2025-12-11 21:17:53,713 - WARNING - ⚠️ Reload attempt 3 failed: Page.goto: Target page, context or browser has been closed
2025-12-11 21:17:53,713 - ERROR - ❌ All reload attempts failed. Continuing with next subject.
2025-12-11 21:17:53,714 - INFO - 
🎓 [39/217] Scraping subject: COGS - Cognitive Science - ( AP )
2025-12-11 21:17:53,714 - INFO -    🧭 Selecting subject COGS - Cognitive Science - ( AP ) ...
2025-12-11 21:17:53,716 - WARNING - ⚠️ subjectSelect not found — reloading main York site.
2025-12-11 21:17:53,717 - INFO - 🔄 Re-loading main York course site...
2025-12-11 21:17:53,720 - WARNING - ⚠️ Reload attempt 1 failed: Page.goto: Target page, context or browser has been closed
2025-12-11 21:17:53,720 - INFO -    ⏳ Waiting 10s before retry...
2025-12-11 21:18:03,724 - WARNING - ⚠️ Reload attempt 2 failed: Page.goto: Target page, context or browser has been closed
2025-12-11 21:18:03,724 - INFO -    ⏳ Waiting 20s before retry...
2025-12-11 21:18:23,728 - WARNING - ⚠️ Reload attempt 3 failed: Page.goto: Target page, context or browser has been closed
2025-12-11 21:18:23,729 - ERROR - ❌ All reload attempts failed. Continuing with next subject.
2025-12-11 21:18:23,729 - INFO - 
🎓 [40/217] Scraping subject: COMS - Communications - ( GL )
2025-12-11 21:18:23,729 - INFO -    🧭 Selecting subject COMS - Communications - ( GL ) ...
2025-12-11 21:18:23,732 - WARNING - ⚠️ subjectSelect not found — reloading main York site.
2025-12-11 21:18:23,732 - INFO - 🔄 Re-loading main York course site...
2025-12-11 21:18:23,736 - WARNING - ⚠️ Reload attempt 1 failed: Page.goto: Target page, context or browser has been closed
2025-12-11 21:18:23,736 - INFO -    ⏳ Waiting 10s before retry...
2025-12-11 21:18:33,740 - WARNING - ⚠️ Reload attempt 2 failed: Page.goto: Target page, context or browser has been closed
2025-12-11 21:18:33,740 - INFO -    ⏳ Waiting 20s before retry...
2025-12-11 21:18:53,744 - WARNING - ⚠️ Reload attempt 3 failed: Page.goto: Target page, context or browser has been closed
2025-12-11 21:18:53,744 - ERROR - ❌ All reload attempts failed. Continuing with next subject.
2025-12-11 21:18:53,745 - INFO - 
🎓 [41/217] Scraping subject: COOP - Cooperative Education - ( EU, LE, AP, HH, SC )
2025-12-11 21:18:53,745 - WARNING - ⚠️ Too many errors — cooling down for 10 minutes...
2025-12-11 21:28:53,745 - INFO -    🧭 Selecting subject COOP - Cooperative Education - ( EU, LE, AP, HH, SC ) ...
2025-12-11 21:28:53,748 - WARNING - ⚠️ subjectSelect not found — reloading main York site.
2025-12-11 21:28:53,748 - INFO - 🔄 Re-loading main York course site...
2025-12-11 21:28:53,752 - WARNING - ⚠️ Reload attempt 1 failed: Page.goto: Target page, context or browser has been closed
2025-12-11 21:28:53,752 - INFO -    ⏳ Waiting 10s before retry...
2025-12-11 21:29:03,756 - WARNING - ⚠️ Reload attempt 2 failed: Page.goto: Target page, context or browser has been closed
2025-12-11 21:29:03,756 - INFO -    ⏳ Waiting 20s before retry...
2025-12-11 21:29:23,760 - WARNING - ⚠️ Reload attempt 3 failed: Page.goto: Target page, context or browser has been closed
2025-12-11 21:29:23,760 - ERROR - ❌ All reload attempts failed. Continuing with next subject.
2025-12-11 21:29:23,760 - INFO - 
🎓 [42/217] Scraping subject: CORE - Common Core - ( GL )
2025-12-11 21:29:23,760 - INFO -    🧭 Selecting subject CORE - Common Core - ( GL ) ...
2025-12-11 21:29:23,763 - WARNING - ⚠️ subjectSelect not found — reloading main York site.
2025-12-11 21:29:23,763 - INFO - 🔄 Re-loading main York course site...
2025-12-11 21:29:23,766 - WARNING - ⚠️ Reload attempt 1 failed: Page.goto: Target page, context or browser has been closed
2025-12-11 21:29:23,767 - INFO -    ⏳ Waiting 10s before retry...
2025-12-11 21:29:33,771 - WARNING - ⚠️ Reload attempt 2 failed: Page.goto: Target page, context or browser has been closed
2025-12-11 21:29:33,771 - INFO -    ⏳ Waiting 20s before retry...
2025-12-11 21:29:53,777 - WARNING - ⚠️ Reload attempt 3 failed: Page.goto: Target page, context or browser has been closed
2025-12-11 21:29:53,777 - ERROR - ❌ All reload attempts failed. Continuing with next subject.
2025-12-11 21:29:53,777 - INFO - 
🎓 [43/217] Scraping subject: COST - Computer Studies - ( ED )
2025-12-11 21:29:53,777 - INFO -    🧭 Selecting subject COST - Computer Studies - ( ED ) ...
2025-12-11 21:29:53,780 - WARNING - ⚠️ subjectSelect not found — reloading main York site.
2025-12-11 21:29:53,780 - INFO - 🔄 Re-loading main York course site...
2025-12-11 21:29:53,783 - WARNING - ⚠️ Reload attempt 1 failed: Page.goto: Target page, context or browser has been closed
2025-12-11 21:29:53,783 - INFO -    ⏳ Waiting 10s before retry...
2025-12-11 21:30:03,787 - WARNING - ⚠️ Reload attempt 2 failed: Page.goto: Target page, context or browser has been closed
2025-12-11 21:30:03,788 - INFO -    ⏳ Waiting 20s before retry...
2025-12-11 21:30:23,792 - WARNING - ⚠️ Reload attempt 3 failed: Page.goto: Target page, context or browser has been closed
2025-12-11 21:30:23,792 - ERROR - ❌ All reload attempts failed. Continuing with next subject.
2025-12-11 21:30:23,792 - INFO - 
🎓 [44/217] Scraping subject: CRIM - Criminology - ( AP )
2025-12-11 21:30:23,792 - INFO -    🧭 Selecting subject CRIM - Criminology - ( AP ) ...
2025-12-11 21:30:23,795 - WARNING - ⚠️ subjectSelect not found — reloading main York site.
2025-12-11 21:30:23,795 - INFO - 🔄 Re-loading main York course site...
2025-12-11 21:30:23,798 - WARNING - ⚠️ Reload attempt 1 failed: Page.goto: Target page, context or browser has been closed
2025-12-11 21:30:23,798 - INFO -    ⏳ Waiting 10s before retry...
2025-12-11 21:30:33,802 - WARNING - ⚠️ Reload attempt 2 failed: Page.goto: Target page, context or browser has been closed
2025-12-11 21:30:33,803 - INFO -    ⏳ Waiting 20s before retry...
2025-12-11 21:30:53,806 - WARNING - ⚠️ Reload attempt 3 failed: Page.goto: Target page, context or browser has been closed
2025-12-11 21:30:53,807 - ERROR - ❌ All reload attempts failed. Continuing with next subject.
2025-12-11 21:30:53,807 - INFO - 
🎓 [45/217] Scraping subject: CRTE - Creative Technologies - ( FA )
2025-12-11 21:30:53,807 - INFO -    🧭 Selecting subject CRTE - Creative Technologies - ( FA ) ...
2025-12-11 21:30:53,810 - WARNING - ⚠️ subjectSelect not found — reloading main York site.
2025-12-11 21:30:53,810 - INFO - 🔄 Re-loading main York course site...
2025-12-11 21:30:53,813 - WARNING - ⚠️ Reload attempt 1 failed: Page.goto: Target page, context or browser has been closed
2025-12-11 21:30:53,813 - INFO -    ⏳ Waiting 10s before retry...
2025-12-11 21:31:03,818 - WARNING - ⚠️ Reload attempt 2 failed: Page.goto: Target page, context or browser has been closed
2025-12-11 21:31:03,818 - INFO -    ⏳ Waiting 20s before retry...
2025-12-11 21:31:23,822 - WARNING - ⚠️ Reload attempt 3 failed: Page.goto: Target page, context or browser has been closed
2025-12-11 21:31:23,822 - ERROR - ❌ All reload attempts failed. Continuing with next subject.
2025-12-11 21:31:23,822 - INFO - 
🎓 [46/217] Scraping subject: CSSD - Computer Science for Software Development - ( LE )
2025-12-11 21:31:23,822 - WARNING - ⚠️ Too many errors — cooling down for 10 minutes...
2025-12-11 21:41:23,823 - INFO -    🧭 Selecting subject CSSD - Computer Science for Software Development - ( LE ) ...
2025-12-11 21:41:23,826 - WARNING - ⚠️ subjectSelect not found — reloading main York site.
2025-12-11 21:41:23,826 - INFO - 🔄 Re-loading main York course site...
2025-12-11 21:41:23,830 - WARNING - ⚠️ Reload attempt 1 failed: Page.goto: Target page, context or browser has been closed
2025-12-11 21:41:23,830 - INFO -    ⏳ Waiting 10s before retry...
2025-12-11 21:41:33,834 - WARNING - ⚠️ Reload attempt 2 failed: Page.goto: Target page, context or browser has been closed
2025-12-11 21:41:33,834 - INFO -    ⏳ Waiting 20s before retry...
2025-12-11 21:41:53,838 - WARNING - ⚠️ Reload attempt 3 failed: Page.goto: Target page, context or browser has been closed
2025-12-11 21:41:53,838 - ERROR - ❌ All reload attempts failed. Continuing with next subject.
2025-12-11 21:41:53,838 - INFO - 
🎓 [47/217] Scraping subject: CWR - Creative Writing - ( AP )
2025-12-11 21:41:53,838 - INFO -    🧭 Selecting subject CWR - Creative Writing - ( AP ) ...
2025-12-11 21:41:53,841 - WARNING - ⚠️ subjectSelect not found — reloading main York site.
2025-12-11 21:41:53,841 - INFO - 🔄 Re-loading main York course site...
2025-12-11 21:41:53,845 - WARNING - ⚠️ Reload attempt 1 failed: Page.goto: Target page, context or browser has been closed
2025-12-11 21:41:53,845 - INFO -    ⏳ Waiting 10s before retry...
2025-12-11 21:42:03,849 - WARNING - ⚠️ Reload attempt 2 failed: Page.goto: Target page, context or browser has been closed
2025-12-11 21:42:03,849 - INFO -    ⏳ Waiting 20s before retry...
2025-12-11 21:42:23,853 - WARNING - ⚠️ Reload attempt 3 failed: Page.goto: Target page, context or browser has been closed
2025-12-11 21:42:23,853 - ERROR - ❌ All reload attempts failed. Continuing with next subject.
2025-12-11 21:42:23,853 - INFO - 
🎓 [48/217] Scraping subject: DANC - Dance - ( FA, GS, ED )
2025-12-11 21:42:23,853 - INFO -    🧭 Selecting subject DANC - Dance - ( FA, GS, ED ) ...
2025-12-11 21:42:23,857 - WARNING - ⚠️ subjectSelect not found — reloading main York site.
2025-12-11 21:42:23,857 - INFO - 🔄 Re-loading main York course site...
2025-12-11 21:42:23,860 - WARNING - ⚠️ Reload attempt 1 failed: Page.goto: Target page, context or browser has been closed
2025-12-11 21:42:23,860 - INFO -    ⏳ Waiting 10s before retry...
2025-12-11 21:42:33,864 - WARNING - ⚠️ Reload attempt 2 failed: Page.goto: Target page, context or browser has been closed
2025-12-11 21:42:33,865 - INFO -    ⏳ Waiting 20s before retry...
2025-12-11 21:42:53,869 - WARNING - ⚠️ Reload attempt 3 failed: Page.goto: Target page, context or browser has been closed
2025-12-11 21:42:53,869 - ERROR - ❌ All reload attempts failed. Continuing with next subject.
2025-12-11 21:42:53,869 - INFO - 
🎓 [49/217] Scraping subject: DATT - Digital Media Program - ( FA )
2025-12-11 21:42:53,869 - INFO -    🧭 Selecting subject DATT - Digital Media Program - ( FA ) ...
2025-12-11 21:42:53,872 - WARNING - ⚠️ subjectSelect not found — reloading main York site.
2025-12-11 21:42:53,872 - INFO - 🔄 Re-loading main York course site...
2025-12-11 21:42:53,875 - WARNING - ⚠️ Reload attempt 1 failed: Page.goto: Target page, context or browser has been closed
2025-12-11 21:42:53,875 - INFO -    ⏳ Waiting 10s before retry...
2025-12-11 21:43:03,879 - WARNING - ⚠️ Reload attempt 2 failed: Page.goto: Target page, context or browser has been closed
2025-12-11 21:43:03,880 - INFO -    ⏳ Waiting 20s before retry...
2025-12-11 21:43:23,884 - WARNING - ⚠️ Reload attempt 3 failed: Page.goto: Target page, context or browser has been closed
2025-12-11 21:43:23,884 - ERROR - ❌ All reload attempts failed. Continuing with next subject.
2025-12-11 21:43:23,884 - INFO - 
🎓 [50/217] Scraping subject: DCAD - Doctoral Cand Admin - ( SB )
2025-12-11 21:43:23,884 - INFO -    🧭 Selecting subject DCAD - Doctoral Cand Admin - ( SB ) ...
2025-12-11 21:43:23,887 - WARNING - ⚠️ subjectSelect not found — reloading main York site.
2025-12-11 21:43:23,887 - INFO - 🔄 Re-loading main York course site...
2025-12-11 21:43:23,890 - WARNING - ⚠️ Reload attempt 1 failed: Page.goto: Target page, context or browser has been closed
2025-12-11 21:43:23,890 - INFO -    ⏳ Waiting 10s before retry...
2025-12-11 21:43:33,894 - WARNING - ⚠️ Reload attempt 2 failed: Page.goto: Target page, context or browser has been closed
2025-12-11 21:43:33,895 - INFO -    ⏳ Waiting 20s before retry...
2025-12-11 21:43:53,899 - WARNING - ⚠️ Reload attempt 3 failed: Page.goto: Target page, context or browser has been closed
2025-12-11 21:43:53,899 - ERROR - ❌ All reload attempts failed. Continuing with next subject.
2025-12-11 21:43:53,900 - INFO - 
🎓 [51/217] Scraping subject: DDPR - Dual Degree Program - ( SB )
2025-12-11 21:43:53,900 - WARNING - ⚠️ Too many errors — cooling down for 10 minutes...
2025-12-11 21:53:53,900 - INFO -    🧭 Selecting subject DDPR - Dual Degree Program - ( SB ) ...
2025-12-11 21:53:53,903 - WARNING - ⚠️ subjectSelect not found — reloading main York site.
2025-12-11 21:53:53,903 - INFO - 🔄 Re-loading main York course site...
2025-12-11 21:53:53,907 - WARNING - ⚠️ Reload attempt 1 failed: Page.goto: Target page, context or browser has been closed
2025-12-11 21:53:53,907 - INFO -    ⏳ Waiting 10s before retry...
2025-12-11 21:54:03,911 - WARNING - ⚠️ Reload attempt 2 failed: Page.goto: Target page, context or browser has been closed
2025-12-11 21:54:03,911 - INFO -    ⏳ Waiting 20s before retry...
2025-12-11 21:54:23,915 - WARNING - ⚠️ Reload attempt 3 failed: Page.goto: Target page, context or browser has been closed
2025-12-11 21:54:23,915 - ERROR - ❌ All reload attempts failed. Continuing with next subject.
2025-12-11 21:54:23,915 - INFO - 
🎓 [52/217] Scraping subject: DEMS - Disaster and Emergency Management - ( GS, AP )
2025-12-11 21:54:23,915 - INFO -    🧭 Selecting subject DEMS - Disaster and Emergency Management - ( GS, AP ) ...
2025-12-11 21:54:23,918 - WARNING - ⚠️ subjectSelect not found — reloading main York site.
2025-12-11 21:54:23,918 - INFO - 🔄 Re-loading main York course site...
2025-12-11 21:54:23,922 - WARNING - ⚠️ Reload attempt 1 failed: Page.goto: Target page, context or browser has been closed
2025-12-11 21:54:23,922 - INFO -    ⏳ Waiting 10s before retry...
2025-12-11 21:54:33,926 - WARNING - ⚠️ Reload attempt 2 failed: Page.goto: Target page, context or browser has been closed
2025-12-11 21:54:33,926 - INFO -    ⏳ Waiting 20s before retry...
2025-12-11 21:54:53,930 - WARNING - ⚠️ Reload attempt 3 failed: Page.goto: Target page, context or browser has been closed
2025-12-11 21:54:53,930 - ERROR - ❌ All reload attempts failed. Continuing with next subject.
2025-12-11 21:54:53,930 - INFO - 
🎓 [53/217] Scraping subject: DESN - Design - ( FA, GS )
2025-12-11 21:54:53,930 - INFO -    🧭 Selecting subject DESN - Design - ( FA, GS ) ...
2025-12-11 21:54:53,933 - WARNING - ⚠️ subjectSelect not found — reloading main York site.
2025-12-11 21:54:53,933 - INFO - 🔄 Re-loading main York course site...
2025-12-11 21:54:53,937 - WARNING - ⚠️ Reload attempt 1 failed: Page.goto: Target page, context or browser has been closed
2025-12-11 21:54:53,937 - INFO -    ⏳ Waiting 10s before retry...
2025-12-11 21:55:03,941 - WARNING - ⚠️ Reload attempt 2 failed: Page.goto: Target page, context or browser has been closed
2025-12-11 21:55:03,942 - INFO -    ⏳ Waiting 20s before retry...
2025-12-11 21:55:23,945 - WARNING - ⚠️ Reload attempt 3 failed: Page.goto: Target page, context or browser has been closed
2025-12-11 21:55:23,946 - ERROR - ❌ All reload attempts failed. Continuing with next subject.
2025-12-11 21:55:23,946 - INFO - 
🎓 [54/217] Scraping subject: DEST - Deaf Studies - ( ED )
2025-12-11 21:55:23,946 - INFO -    🧭 Selecting subject DEST - Deaf Studies - ( ED ) ...
2025-12-11 21:55:23,949 - WARNING - ⚠️ subjectSelect not found — reloading main York site.
2025-12-11 21:55:23,949 - INFO - 🔄 Re-loading main York course site...
2025-12-11 21:55:23,952 - WARNING - ⚠️ Reload attempt 1 failed: Page.goto: Target page, context or browser has been closed
2025-12-11 21:55:23,952 - INFO -    ⏳ Waiting 10s before retry...
2025-12-11 21:55:33,956 - WARNING - ⚠️ Reload attempt 2 failed: Page.goto: Target page, context or browser has been closed
2025-12-11 21:55:33,956 - INFO -    ⏳ Waiting 20s before retry...
2025-12-11 21:55:53,960 - WARNING - ⚠️ Reload attempt 3 failed: Page.goto: Target page, context or browser has been closed
2025-12-11 21:55:53,961 - ERROR - ❌ All reload attempts failed. Continuing with next subject.
2025-12-11 21:55:53,961 - INFO - 
🎓 [55/217] Scraping subject: DIGM - Digital Media - ( GS )
2025-12-11 21:55:53,961 - INFO -    🧭 Selecting subject DIGM - Digital Media - ( GS ) ...
2025-12-11 21:55:53,964 - WARNING - ⚠️ subjectSelect not found — reloading main York site.
2025-12-11 21:55:53,964 - INFO - 🔄 Re-loading main York course site...
2025-12-11 21:55:53,967 - WARNING - ⚠️ Reload attempt 1 failed: Page.goto: Target page, context or browser has been closed
2025-12-11 21:55:53,967 - INFO -    ⏳ Waiting 10s before retry...
2025-12-11 21:56:03,971 - WARNING - ⚠️ Reload attempt 2 failed: Page.goto: Target page, context or browser has been closed
2025-12-11 21:56:03,971 - INFO -    ⏳ Waiting 20s before retry...
2025-12-11 21:56:23,974 - WARNING - ⚠️ Reload attempt 3 failed: Page.goto: Target page, context or browser has been closed
2025-12-11 21:56:23,974 - ERROR - ❌ All reload attempts failed. Continuing with next subject.
2025-12-11 21:56:23,974 - INFO - 
🎓 [56/217] Scraping subject: DIGT - Digital Technologies - ( LE )
2025-12-11 21:56:23,974 - WARNING - ⚠️ Too many errors — cooling down for 10 minutes...
2025-12-11 22:06:23,975 - INFO -    🧭 Selecting subject DIGT - Digital Technologies - ( LE ) ...
2025-12-11 22:06:23,978 - WARNING - ⚠️ subjectSelect not found — reloading main York site.
2025-12-11 22:06:23,979 - INFO - 🔄 Re-loading main York course site...
2025-12-11 22:06:23,982 - WARNING - ⚠️ Reload attempt 1 failed: Page.goto: Target page, context or browser has been closed
2025-12-11 22:06:23,982 - INFO -    ⏳ Waiting 10s before retry...
2025-12-11 22:06:33,986 - WARNING - ⚠️ Reload attempt 2 failed: Page.goto: Target page, context or browser has been closed
2025-12-11 22:06:33,986 - INFO -    ⏳ Waiting 20s before retry...
2025-12-11 22:06:53,990 - WARNING - ⚠️ Reload attempt 3 failed: Page.goto: Target page, context or browser has been closed
2025-12-11 22:06:53,990 - ERROR - ❌ All reload attempts failed. Continuing with next subject.
2025-12-11 22:06:53,991 - INFO - 
🎓 [57/217] Scraping subject: DLLL - Languages, Literatures and Linguistics - ( AP )
2025-12-11 22:06:53,991 - INFO -    🧭 Selecting subject DLLL - Languages, Literatures and Linguistics - ( AP ) ...
2025-12-11 22:06:53,993 - WARNING - ⚠️ subjectSelect not found — reloading main York site.
2025-12-11 22:06:53,994 - INFO - 🔄 Re-loading main York course site...
2025-12-11 22:06:53,997 - WARNING - ⚠️ Reload attempt 1 failed: Page.goto: Target page, context or browser has been closed
2025-12-11 22:06:53,997 - INFO -    ⏳ Waiting 10s before retry...
2025-12-11 22:07:04,001 - WARNING - ⚠️ Reload attempt 2 failed: Page.goto: Target page, context or browser has been closed
2025-12-11 22:07:04,001 - INFO -    ⏳ Waiting 20s before retry...
2025-12-11 22:07:24,005 - WARNING - ⚠️ Reload attempt 3 failed: Page.goto: Target page, context or browser has been closed
2025-12-11 22:07:24,005 - ERROR - ❌ All reload attempts failed. Continuing with next subject.
2025-12-11 22:07:24,005 - INFO - 
🎓 [58/217] Scraping subject: DMGM - Management - ( GS )
2025-12-11 22:07:24,005 - INFO -    🧭 Selecting subject DMGM - Management - ( GS ) ...
2025-12-11 22:07:24,007 - WARNING - ⚠️ subjectSelect not found — reloading main York site.
2025-12-11 22:07:24,007 - INFO - 🔄 Re-loading main York course site...
2025-12-11 22:07:24,010 - WARNING - ⚠️ Reload attempt 1 failed: Page.goto: Target page, context or browser has been closed
2025-12-11 22:07:24,010 - INFO -    ⏳ Waiting 10s before retry...
2025-12-11 22:07:34,014 - WARNING - ⚠️ Reload attempt 2 failed: Page.goto: Target page, context or browser has been closed
2025-12-11 22:07:34,014 - INFO -    ⏳ Waiting 20s before retry...
2025-12-11 22:07:54,019 - WARNING - ⚠️ Reload attempt 3 failed: Page.goto: Target page, context or browser has been closed
2025-12-11 22:07:54,019 - ERROR - ❌ All reload attempts failed. Continuing with next subject.
2025-12-11 22:07:54,019 - INFO - 
🎓 [59/217] Scraping subject: DRAA - Dramatic Arts - ( ED )
2025-12-11 22:07:54,019 - INFO -    🧭 Selecting subject DRAA - Dramatic Arts - ( ED ) ...
2025-12-11 22:07:54,022 - WARNING - ⚠️ subjectSelect not found — reloading main York site.
2025-12-11 22:07:54,022 - INFO - 🔄 Re-loading main York course site...
2025-12-11 22:07:54,025 - WARNING - ⚠️ Reload attempt 1 failed: Page.goto: Target page, context or browser has been closed
2025-12-11 22:07:54,026 - INFO -    ⏳ Waiting 10s before retry...
2025-12-11 22:08:04,030 - WARNING - ⚠️ Reload attempt 2 failed: Page.goto: Target page, context or browser has been closed
2025-12-11 22:08:04,030 - INFO -    ⏳ Waiting 20s before retry...
2025-12-11 22:08:24,033 - WARNING - ⚠️ Reload attempt 3 failed: Page.goto: Target page, context or browser has been closed
2025-12-11 22:08:24,033 - ERROR - ❌ All reload attempts failed. Continuing with next subject.
2025-12-11 22:08:24,034 - INFO - 
🎓 [60/217] Scraping subject: DRCA - Drama & Creative Arts - ( GL )
2025-12-11 22:08:24,034 - INFO -    🧭 Selecting subject DRCA - Drama & Creative Arts - ( GL ) ...
2025-12-11 22:08:24,036 - WARNING - ⚠️ subjectSelect not found — reloading main York site.
2025-12-11 22:08:24,036 - INFO - 🔄 Re-loading main York course site...
2025-12-11 22:08:24,039 - WARNING - ⚠️ Reload attempt 1 failed: Page.goto: Target page, context or browser has been closed
2025-12-11 22:08:24,039 - INFO -    ⏳ Waiting 10s before retry...
2025-12-11 22:08:34,043 - WARNING - ⚠️ Reload attempt 2 failed: Page.goto: Target page, context or browser has been closed
2025-12-11 22:08:34,043 - INFO -    ⏳ Waiting 20s before retry...
2025-12-11 22:08:54,047 - WARNING - ⚠️ Reload attempt 3 failed: Page.goto: Target page, context or browser has been closed
2025-12-11 22:08:54,047 - ERROR - ❌ All reload attempts failed. Continuing with next subject.
2025-12-11 22:08:54,047 - INFO - 
🎓 [61/217] Scraping subject: DRST - Drama Studies - ( GL )
2025-12-11 22:08:54,047 - WARNING - ⚠️ Too many errors — cooling down for 10 minutes...
2025-12-11 22:18:54,048 - INFO -    🧭 Selecting subject DRST - Drama Studies - ( GL ) ...
2025-12-11 22:18:54,051 - WARNING - ⚠️ subjectSelect not found — reloading main York site.
2025-12-11 22:18:54,051 - INFO - 🔄 Re-loading main York course site...
2025-12-11 22:18:54,055 - WARNING - ⚠️ Reload attempt 1 failed: Page.goto: Target page, context or browser has been closed
2025-12-11 22:18:54,055 - INFO -    ⏳ Waiting 10s before retry...
2025-12-11 22:19:04,059 - WARNING - ⚠️ Reload attempt 2 failed: Page.goto: Target page, context or browser has been closed
2025-12-11 22:19:04,060 - INFO -    ⏳ Waiting 20s before retry...
2025-12-11 22:19:24,064 - WARNING - ⚠️ Reload attempt 3 failed: Page.goto: Target page, context or browser has been closed
2025-12-11 22:19:24,064 - ERROR - ❌ All reload attempts failed. Continuing with next subject.
2025-12-11 22:19:24,064 - INFO - 
🎓 [62/217] Scraping subject: DVST - Development Studies Graduate Program - ( GS )
2025-12-11 22:19:24,064 - INFO -    🧭 Selecting subject DVST - Development Studies Graduate Program - ( GS ) ...
2025-12-11 22:19:24,067 - WARNING - ⚠️ subjectSelect not found — reloading main York site.
2025-12-11 22:19:24,067 - INFO - 🔄 Re-loading main York course site...
2025-12-11 22:19:24,070 - WARNING - ⚠️ Reload attempt 1 failed: Page.goto: Target page, context or browser has been closed
2025-12-11 22:19:24,070 - INFO -    ⏳ Waiting 10s before retry...
2025-12-11 22:19:34,074 - WARNING - ⚠️ Reload attempt 2 failed: Page.goto: Target page, context or browser has been closed
2025-12-11 22:19:34,074 - INFO -    ⏳ Waiting 20s before retry...
2025-12-11 22:19:54,078 - WARNING - ⚠️ Reload attempt 3 failed: Page.goto: Target page, context or browser has been closed
2025-12-11 22:19:54,079 - ERROR - ❌ All reload attempts failed. Continuing with next subject.
2025-12-11 22:19:54,079 - INFO - 
🎓 [63/217] Scraping subject: ECON - Economics - ( AP, GL, ED, GS, SB )
2025-12-11 22:19:54,079 - INFO -    🧭 Selecting subject ECON - Economics - ( AP, GL, ED, GS, SB ) ...
2025-12-11 22:19:54,082 - WARNING - ⚠️ subjectSelect not found — reloading main York site.
2025-12-11 22:19:54,082 - INFO - 🔄 Re-loading main York course site...
2025-12-11 22:19:54,085 - WARNING - ⚠️ Reload attempt 1 failed: Page.goto: Target page, context or browser has been closed
2025-12-11 22:19:54,085 - INFO -    ⏳ Waiting 10s before retry...
2025-12-11 22:20:04,089 - WARNING - ⚠️ Reload attempt 2 failed: Page.goto: Target page, context or browser has been closed
2025-12-11 22:20:04,090 - INFO -    ⏳ Waiting 20s before retry...
2025-12-11 22:20:24,094 - WARNING - ⚠️ Reload attempt 3 failed: Page.goto: Target page, context or browser has been closed
2025-12-11 22:20:24,094 - ERROR - ❌ All reload attempts failed. Continuing with next subject.
2025-12-11 22:20:24,094 - INFO - 
🎓 [64/217] Scraping subject: EDFE - Foundations - ( ED )
2025-12-11 22:20:24,094 - INFO -    🧭 Selecting subject EDFE - Foundations - ( ED ) ...
2025-12-11 22:20:24,097 - WARNING - ⚠️ subjectSelect not found — reloading main York site.
2025-12-11 22:20:24,098 - INFO - 🔄 Re-loading main York course site...
2025-12-11 22:20:24,101 - WARNING - ⚠️ Reload attempt 1 failed: Page.goto: Target page, context or browser has been closed
2025-12-11 22:20:24,101 - INFO -    ⏳ Waiting 10s before retry...
2025-12-11 22:20:34,105 - WARNING - ⚠️ Reload attempt 2 failed: Page.goto: Target page, context or browser has been closed
2025-12-11 22:20:34,105 - INFO -    ⏳ Waiting 20s before retry...
2025-12-11 22:20:54,109 - WARNING - ⚠️ Reload attempt 3 failed: Page.goto: Target page, context or browser has been closed
2025-12-11 22:20:54,109 - ERROR - ❌ All reload attempts failed. Continuing with next subject.
2025-12-11 22:20:54,110 - INFO - 
🎓 [65/217] Scraping subject: EDFR - French - ( ED )
2025-12-11 22:20:54,110 - INFO -    🧭 Selecting subject EDFR - French - ( ED ) ...
2025-12-11 22:20:54,112 - WARNING - ⚠️ subjectSelect not found — reloading main York site.
2025-12-11 22:20:54,113 - INFO - 🔄 Re-loading main York course site...
2025-12-11 22:20:54,116 - WARNING - ⚠️ Reload attempt 1 failed: Page.goto: Target page, context or browser has been closed
2025-12-11 22:20:54,116 - INFO -    ⏳ Waiting 10s before retry...
2025-12-11 22:21:04,120 - WARNING - ⚠️ Reload attempt 2 failed: Page.goto: Target page, context or browser has been closed
2025-12-11 22:21:04,120 - INFO -    ⏳ Waiting 20s before retry...
2025-12-11 22:21:24,124 - WARNING - ⚠️ Reload attempt 3 failed: Page.goto: Target page, context or browser has been closed
2025-12-11 22:21:24,124 - ERROR - ❌ All reload attempts failed. Continuing with next subject.
2025-12-11 22:21:24,125 - INFO - 
🎓 [66/217] Scraping subject: EDIN - Integration - ( ED )
2025-12-11 22:21:24,125 - WARNING - ⚠️ Too many errors — cooling down for 10 minutes...
2025-12-11 22:31:24,125 - INFO -    🧭 Selecting subject EDIN - Integration - ( ED ) ...
2025-12-11 22:31:24,128 - WARNING - ⚠️ subjectSelect not found — reloading main York site.
2025-12-11 22:31:24,129 - INFO - 🔄 Re-loading main York course site...
2025-12-11 22:31:24,132 - WARNING - ⚠️ Reload attempt 1 failed: Page.goto: Target page, context or browser has been closed
2025-12-11 22:31:24,132 - INFO -    ⏳ Waiting 10s before retry...
2025-12-11 22:31:34,136 - WARNING - ⚠️ Reload attempt 2 failed: Page.goto: Target page, context or browser has been closed
2025-12-11 22:31:34,136 - INFO -    ⏳ Waiting 20s before retry...
2025-12-11 22:31:54,141 - WARNING - ⚠️ Reload attempt 3 failed: Page.goto: Target page, context or browser has been closed
2025-12-11 22:31:54,141 - ERROR - ❌ All reload attempts failed. Continuing with next subject.
2025-12-11 22:31:54,141 - INFO - 
🎓 [67/217] Scraping subject: EDIS - Intermediate Senior - ( ED )
2025-12-11 22:31:54,141 - INFO -    🧭 Selecting subject EDIS - Intermediate Senior - ( ED ) ...
2025-12-11 22:31:54,144 - WARNING - ⚠️ subjectSelect not found — reloading main York site.
2025-12-11 22:31:54,144 - INFO - 🔄 Re-loading main York course site...
2025-12-11 22:31:54,148 - WARNING - ⚠️ Reload attempt 1 failed: Page.goto: Target page, context or browser has been closed
2025-12-11 22:31:54,148 - INFO -    ⏳ Waiting 10s before retry...
2025-12-11 22:32:04,152 - WARNING - ⚠️ Reload attempt 2 failed: Page.goto: Target page, context or browser has been closed
2025-12-11 22:32:04,152 - INFO -    ⏳ Waiting 20s before retry...
2025-12-11 22:32:24,156 - WARNING - ⚠️ Reload attempt 3 failed: Page.goto: Target page, context or browser has been closed
2025-12-11 22:32:24,156 - ERROR - ❌ All reload attempts failed. Continuing with next subject.
2025-12-11 22:32:24,156 - INFO - 
🎓 [68/217] Scraping subject: EDJI - Junior Intermediate - ( ED )
2025-12-11 22:32:24,157 - INFO -    🧭 Selecting subject EDJI - Junior Intermediate - ( ED ) ...
2025-12-11 22:32:24,159 - WARNING - ⚠️ subjectSelect not found — reloading main York site.
2025-12-11 22:32:24,159 - INFO - 🔄 Re-loading main York course site...
2025-12-11 22:32:24,163 - WARNING - ⚠️ Reload attempt 1 failed: Page.goto: Target page, context or browser has been closed
2025-12-11 22:32:24,163 - INFO -    ⏳ Waiting 10s before retry...
2025-12-11 22:32:34,166 - WARNING - ⚠️ Reload attempt 2 failed: Page.goto: Target page, context or browser has been closed
2025-12-11 22:32:34,166 - INFO -    ⏳ Waiting 20s before retry...
2025-12-11 22:32:54,170 - WARNING - ⚠️ Reload attempt 3 failed: Page.goto: Target page, context or browser has been closed
2025-12-11 22:32:54,171 - ERROR - ❌ All reload attempts failed. Continuing with next subject.
2025-12-11 22:32:54,171 - INFO - 
🎓 [69/217] Scraping subject: EDPJ - Primary Junior - ( ED )
2025-12-11 22:32:54,171 - INFO -    🧭 Selecting subject EDPJ - Primary Junior - ( ED ) ...
2025-12-11 22:32:54,174 - WARNING - ⚠️ subjectSelect not found — reloading main York site.
2025-12-11 22:32:54,174 - INFO - 🔄 Re-loading main York course site...
2025-12-11 22:32:54,177 - WARNING - ⚠️ Reload attempt 1 failed: Page.goto: Target page, context or browser has been closed
2025-12-11 22:32:54,177 - INFO -    ⏳ Waiting 10s before retry...
2025-12-11 22:33:04,182 - WARNING - ⚠️ Reload attempt 2 failed: Page.goto: Target page, context or browser has been closed
2025-12-11 22:33:04,182 - INFO -    ⏳ Waiting 20s before retry...
2025-12-11 22:33:24,186 - WARNING - ⚠️ Reload attempt 3 failed: Page.goto: Target page, context or browser has been closed
2025-12-11 22:33:24,186 - ERROR - ❌ All reload attempts failed. Continuing with next subject.
2025-12-11 22:33:24,186 - INFO - 
🎓 [70/217] Scraping subject: EDPR - Practicum - ( ED )
2025-12-11 22:33:24,186 - INFO -    🧭 Selecting subject EDPR - Practicum - ( ED ) ...
2025-12-11 22:33:24,189 - WARNING - ⚠️ subjectSelect not found — reloading main York site.
2025-12-11 22:33:24,189 - INFO - 🔄 Re-loading main York course site...
2025-12-11 22:33:24,192 - WARNING - ⚠️ Reload attempt 1 failed: Page.goto: Target page, context or browser has been closed
2025-12-11 22:33:24,192 - INFO -    ⏳ Waiting 10s before retry...
2025-12-11 22:33:34,196 - WARNING - ⚠️ Reload attempt 2 failed: Page.goto: Target page, context or browser has been closed
2025-12-11 22:33:34,196 - INFO -    ⏳ Waiting 20s before retry...
2025-12-11 22:33:54,200 - WARNING - ⚠️ Reload attempt 3 failed: Page.goto: Target page, context or browser has been closed
2025-12-11 22:33:54,201 - ERROR - ❌ All reload attempts failed. Continuing with next subject.
2025-12-11 22:33:54,201 - INFO - 
🎓 [71/217] Scraping subject: EDST - Educational Studies - ( ED )
2025-12-11 22:33:54,201 - WARNING - ⚠️ Too many errors — cooling down for 10 minutes...
2025-12-11 22:43:54,201 - INFO -    🧭 Selecting subject EDST - Educational Studies - ( ED ) ...
2025-12-11 22:43:54,204 - WARNING - ⚠️ subjectSelect not found — reloading main York site.
2025-12-11 22:43:54,204 - INFO - 🔄 Re-loading main York course site...
2025-12-11 22:43:54,206 - WARNING - ⚠️ Reload attempt 1 failed: Page.goto: Target page, context or browser has been closed
2025-12-11 22:43:54,206 - INFO -    ⏳ Waiting 10s before retry...
2025-12-11 22:44:04,209 - WARNING - ⚠️ Reload attempt 2 failed: Page.goto: Target page, context or browser has been closed
2025-12-11 22:44:04,209 - INFO -    ⏳ Waiting 20s before retry...
2025-12-11 22:44:24,212 - WARNING - ⚠️ Reload attempt 3 failed: Page.goto: Target page, context or browser has been closed
2025-12-11 22:44:24,212 - ERROR - ❌ All reload attempts failed. Continuing with next subject.
2025-12-11 22:44:24,212 - INFO - 
🎓 [72/217] Scraping subject: EDUC - Education - ( GS, ED )
2025-12-11 22:44:24,212 - INFO -    🧭 Selecting subject EDUC - Education - ( GS, ED ) ...
2025-12-11 22:44:24,213 - WARNING - ⚠️ subjectSelect not found — reloading main York site.
2025-12-11 22:44:24,213 - INFO - 🔄 Re-loading main York course site...
2025-12-11 22:44:24,215 - WARNING - ⚠️ Reload attempt 1 failed: Page.goto: Target page, context or browser has been closed
2025-12-11 22:44:24,215 - INFO -    ⏳ Waiting 10s before retry...
2025-12-11 22:44:34,218 - WARNING - ⚠️ Reload attempt 2 failed: Page.goto: Target page, context or browser has been closed
2025-12-11 22:44:34,218 - INFO -    ⏳ Waiting 20s before retry...
2025-12-11 22:44:54,222 - WARNING - ⚠️ Reload attempt 3 failed: Page.goto: Target page, context or browser has been closed
2025-12-11 22:44:54,223 - ERROR - ❌ All reload attempts failed. Continuing with next subject.
2025-12-11 22:44:54,223 - INFO - 
🎓 [73/217] Scraping subject: EECS - Electrical Engineering and Computer Science - ( LE, GS )
2025-12-11 22:44:54,223 - INFO -    🧭 Selecting subject EECS - Electrical Engineering and Computer Science - ( LE, GS ) ...
2025-12-11 22:44:54,226 - WARNING - ⚠️ subjectSelect not found — reloading main York site.
2025-12-11 22:44:54,226 - INFO - 🔄 Re-loading main York course site...
2025-12-11 22:44:54,229 - WARNING - ⚠️ Reload attempt 1 failed: Page.goto: Target page, context or browser has been closed
2025-12-11 22:44:54,229 - INFO -    ⏳ Waiting 10s before retry...
2025-12-11 22:45:04,233 - WARNING - ⚠️ Reload attempt 2 failed: Page.goto: Target page, context or browser has been closed
2025-12-11 22:45:04,233 - INFO -    ⏳ Waiting 20s before retry...
2025-12-11 22:45:24,237 - WARNING - ⚠️ Reload attempt 3 failed: Page.goto: Target page, context or browser has been closed
2025-12-11 22:45:24,237 - ERROR - ❌ All reload attempts failed. Continuing with next subject.
2025-12-11 22:45:24,237 - INFO - 
🎓 [74/217] Scraping subject: EIL - Energy and Infrastructure Law - ( GS )
2025-12-11 22:45:24,238 - INFO -    🧭 Selecting subject EIL - Energy and Infrastructure Law - ( GS ) ...
2025-12-11 22:45:24,240 - WARNING - ⚠️ subjectSelect not found — reloading main York site.
2025-12-11 22:45:24,240 - INFO - 🔄 Re-loading main York course site...
2025-12-11 22:45:24,244 - WARNING - ⚠️ Reload attempt 1 failed: Page.goto: Target page, context or browser has been closed
2025-12-11 22:45:24,244 - INFO -    ⏳ Waiting 10s before retry...
2025-12-11 22:45:34,248 - WARNING - ⚠️ Reload attempt 2 failed: Page.goto: Target page, context or browser has been closed
2025-12-11 22:45:34,248 - INFO -    ⏳ Waiting 20s before retry...
2025-12-11 22:45:54,254 - WARNING - ⚠️ Reload attempt 3 failed: Page.goto: Target page, context or browser has been closed
2025-12-11 22:45:54,254 - ERROR - ❌ All reload attempts failed. Continuing with next subject.
2025-12-11 22:45:54,254 - INFO - 
🎓 [75/217] Scraping subject: EMBA - Executive Masters Business Administration - ( SB )
2025-12-11 22:45:54,254 - INFO -    🧭 Selecting subject EMBA - Executive Masters Business Administration - ( SB ) ...
2025-12-11 22:45:54,257 - WARNING - ⚠️ subjectSelect not found — reloading main York site.
2025-12-11 22:45:54,257 - INFO - 🔄 Re-loading main York course site...
2025-12-11 22:45:54,260 - WARNING - ⚠️ Reload attempt 1 failed: Page.goto: Target page, context or browser has been closed
2025-12-11 22:45:54,261 - INFO -    ⏳ Waiting 10s before retry...
2025-12-11 22:46:04,264 - WARNING - ⚠️ Reload attempt 2 failed: Page.goto: Target page, context or browser has been closed
2025-12-11 22:46:04,265 - INFO -    ⏳ Waiting 20s before retry...
2025-12-11 22:46:24,269 - WARNING - ⚠️ Reload attempt 3 failed: Page.goto: Target page, context or browser has been closed
2025-12-11 22:46:24,269 - ERROR - ❌ All reload attempts failed. Continuing with next subject.
2025-12-11 22:46:24,269 - INFO - 
🎓 [76/217] Scraping subject: EN - English - ( AP, GL, GS, ED )
2025-12-11 22:46:24,269 - WARNING - ⚠️ Too many errors — cooling down for 10 minutes...
2025-12-11 22:56:24,270 - INFO -    🧭 Selecting subject EN - English - ( AP, GL, GS, ED ) ...
2025-12-11 22:56:24,273 - WARNING - ⚠️ subjectSelect not found — reloading main York site.
2025-12-11 22:56:24,273 - INFO - 🔄 Re-loading main York course site...
2025-12-11 22:56:24,276 - WARNING - ⚠️ Reload attempt 1 failed: Page.goto: Target page, context or browser has been closed
2025-12-11 22:56:24,276 - INFO -    ⏳ Waiting 10s before retry...
2025-12-11 22:56:34,280 - WARNING - ⚠️ Reload attempt 2 failed: Page.goto: Target page, context or browser has been closed
2025-12-11 22:56:34,280 - INFO -    ⏳ Waiting 20s before retry...
2025-12-11 22:56:54,284 - WARNING - ⚠️ Reload attempt 3 failed: Page.goto: Target page, context or browser has been closed
2025-12-11 22:56:54,284 - ERROR - ❌ All reload attempts failed. Continuing with next subject.
2025-12-11 22:56:54,285 - INFO - 
🎓 [77/217] Scraping subject: ENG - Engineering - ( GS, LE )
2025-12-11 22:56:54,285 - INFO -    🧭 Selecting subject ENG - Engineering - ( GS, LE ) ...
2025-12-11 22:56:54,287 - WARNING - ⚠️ subjectSelect not found — reloading main York site.
2025-12-11 22:56:54,287 - INFO - 🔄 Re-loading main York course site...
2025-12-11 22:56:54,291 - WARNING - ⚠️ Reload attempt 1 failed: Page.goto: Target page, context or browser has been closed
2025-12-11 22:56:54,291 - INFO -    ⏳ Waiting 10s before retry...
2025-12-11 22:57:04,295 - WARNING - ⚠️ Reload attempt 2 failed: Page.goto: Target page, context or browser has been closed
2025-12-11 22:57:04,296 - INFO -    ⏳ Waiting 20s before retry...
2025-12-11 22:57:24,299 - WARNING - ⚠️ Reload attempt 3 failed: Page.goto: Target page, context or browser has been closed
2025-12-11 22:57:24,300 - ERROR - ❌ All reload attempts failed. Continuing with next subject.
2025-12-11 22:57:24,300 - INFO - 
🎓 [78/217] Scraping subject: ENSL - English As A Second Language - ( GL )
2025-12-11 22:57:24,300 - INFO -    🧭 Selecting subject ENSL - English As A Second Language - ( GL ) ...
2025-12-11 22:57:24,303 - WARNING - ⚠️ subjectSelect not found — reloading main York site.
2025-12-11 22:57:24,303 - INFO - 🔄 Re-loading main York course site...
2025-12-11 22:57:24,306 - WARNING - ⚠️ Reload attempt 1 failed: Page.goto: Target page, context or browser has been closed
2025-12-11 22:57:24,306 - INFO -    ⏳ Waiting 10s before retry...
2025-12-11 22:57:34,308 - WARNING - ⚠️ Reload attempt 2 failed: Page.goto: Target page, context or browser has been closed
2025-12-11 22:57:34,308 - INFO -    ⏳ Waiting 20s before retry...
2025-12-11 22:57:54,312 - WARNING - ⚠️ Reload attempt 3 failed: Page.goto: Target page, context or browser has been closed
2025-12-11 22:57:54,312 - ERROR - ❌ All reload attempts failed. Continuing with next subject.
2025-12-11 22:57:54,312 - INFO - 
🎓 [79/217] Scraping subject: ENTP - Entrepreneurship and Innovation - ( AP )
2025-12-11 22:57:54,312 - INFO -    🧭 Selecting subject ENTP - Entrepreneurship and Innovation - ( AP ) ...
2025-12-11 22:57:54,315 - WARNING - ⚠️ subjectSelect not found — reloading main York site.
2025-12-11 22:57:54,315 - INFO - 🔄 Re-loading main York course site...
2025-12-11 22:57:54,318 - WARNING - ⚠️ Reload attempt 1 failed: Page.goto: Target page, context or browser has been closed
2025-12-11 22:57:54,318 - INFO -    ⏳ Waiting 10s before retry...
2025-12-11 22:58:04,322 - WARNING - ⚠️ Reload attempt 2 failed: Page.goto: Target page, context or browser has been closed
2025-12-11 22:58:04,322 - INFO -    ⏳ Waiting 20s before retry...
2025-12-11 22:58:24,326 - WARNING - ⚠️ Reload attempt 3 failed: Page.goto: Target page, context or browser has been closed
2025-12-11 22:58:24,327 - ERROR - ❌ All reload attempts failed. Continuing with next subject.
2025-12-11 22:58:24,327 - INFO - 
🎓 [80/217] Scraping subject: ENTR - Entrepreneurial Studies - ( ED, SB )
2025-12-11 22:58:24,327 - INFO -    🧭 Selecting subject ENTR - Entrepreneurial Studies - ( ED, SB ) ...
2025-12-11 22:58:24,330 - WARNING - ⚠️ subjectSelect not found — reloading main York site.
2025-12-11 22:58:24,330 - INFO - 🔄 Re-loading main York course site...
2025-12-11 22:58:24,334 - WARNING - ⚠️ Reload attempt 1 failed: Page.goto: Target page, context or browser has been closed
2025-12-11 22:58:24,334 - INFO -    ⏳ Waiting 10s before retry...
2025-12-11 22:58:34,337 - WARNING - ⚠️ Reload attempt 2 failed: Page.goto: Target page, context or browser has been closed
2025-12-11 22:58:34,338 - INFO -    ⏳ Waiting 20s before retry...
2025-12-11 22:58:54,342 - WARNING - ⚠️ Reload attempt 3 failed: Page.goto: Target page, context or browser has been closed
2025-12-11 22:58:54,342 - ERROR - ❌ All reload attempts failed. Continuing with next subject.
2025-12-11 22:58:54,342 - INFO - 
🎓 [81/217] Scraping subject: ENVB - Environmental Biology - ( SC )
2025-12-11 22:58:54,342 - WARNING - ⚠️ Too many errors — cooling down for 10 minutes...
2025-12-11 23:08:54,343 - INFO -    🧭 Selecting subject ENVB - Environmental Biology - ( SC ) ...
2025-12-11 23:08:54,346 - WARNING - ⚠️ subjectSelect not found — reloading main York site.
2025-12-11 23:08:54,346 - INFO - 🔄 Re-loading main York course site...
2025-12-11 23:08:54,349 - WARNING - ⚠️ Reload attempt 1 failed: Page.goto: Target page, context or browser has been closed
2025-12-11 23:08:54,349 - INFO -    ⏳ Waiting 10s before retry...
2025-12-11 23:09:04,353 - WARNING - ⚠️ Reload attempt 2 failed: Page.goto: Target page, context or browser has been closed
2025-12-11 23:09:04,354 - INFO -    ⏳ Waiting 20s before retry...
2025-12-11 23:09:24,358 - WARNING - ⚠️ Reload attempt 3 failed: Page.goto: Target page, context or browser has been closed
2025-12-11 23:09:24,358 - ERROR - ❌ All reload attempts failed. Continuing with next subject.
2025-12-11 23:09:24,358 - INFO - 
🎓 [82/217] Scraping subject: ENVS - Environmental Studies - ( EU, GS, ED )
2025-12-11 23:09:24,358 - INFO -    🧭 Selecting subject ENVS - Environmental Studies - ( EU, GS, ED ) ...
2025-12-11 23:09:24,361 - WARNING - ⚠️ subjectSelect not found — reloading main York site.
2025-12-11 23:09:24,361 - INFO - 🔄 Re-loading main York course site...
2025-12-11 23:09:24,364 - WARNING - ⚠️ Reload attempt 1 failed: Page.goto: Target page, context or browser has been closed
2025-12-11 23:09:24,364 - INFO -    ⏳ Waiting 10s before retry...
2025-12-11 23:09:34,368 - WARNING - ⚠️ Reload attempt 2 failed: Page.goto: Target page, context or browser has been closed
2025-12-11 23:09:34,368 - INFO -    ⏳ Waiting 20s before retry...
2025-12-11 23:09:54,373 - WARNING - ⚠️ Reload attempt 3 failed: Page.goto: Target page, context or browser has been closed
2025-12-11 23:09:54,373 - ERROR - ❌ All reload attempts failed. Continuing with next subject.
2025-12-11 23:09:54,373 - INFO - 
🎓 [83/217] Scraping subject: ESL - English As A Second Language - ( AP )
2025-12-11 23:09:54,373 - INFO -    🧭 Selecting subject ESL - English As A Second Language - ( AP ) ...
2025-12-11 23:09:54,376 - WARNING - ⚠️ subjectSelect not found — reloading main York site.
2025-12-11 23:09:54,376 - INFO - 🔄 Re-loading main York course site...
2025-12-11 23:09:54,379 - WARNING - ⚠️ Reload attempt 1 failed: Page.goto: Target page, context or browser has been closed
2025-12-11 23:09:54,379 - INFO -    ⏳ Waiting 10s before retry...
2025-12-11 23:10:04,383 - WARNING - ⚠️ Reload attempt 2 failed: Page.goto: Target page, context or browser has been closed
2025-12-11 23:10:04,383 - INFO -    ⏳ Waiting 20s before retry...
2025-12-11 23:10:24,387 - WARNING - ⚠️ Reload attempt 3 failed: Page.goto: Target page, context or browser has been closed
2025-12-11 23:10:24,388 - ERROR - ❌ All reload attempts failed. Continuing with next subject.
2025-12-11 23:10:24,388 - INFO - 
🎓 [84/217] Scraping subject: ESS - Earth & Space Science - ( GS )
2025-12-11 23:10:24,388 - INFO -    🧭 Selecting subject ESS - Earth & Space Science - ( GS ) ...
2025-12-11 23:10:24,390 - WARNING - ⚠️ subjectSelect not found — reloading main York site.
2025-12-11 23:10:24,391 - INFO - 🔄 Re-loading main York course site...
2025-12-11 23:10:24,394 - WARNING - ⚠️ Reload attempt 1 failed: Page.goto: Target page, context or browser has been closed
2025-12-11 23:10:24,394 - INFO -    ⏳ Waiting 10s before retry...
2025-12-11 23:10:34,398 - WARNING - ⚠️ Reload attempt 2 failed: Page.goto: Target page, context or browser has been closed
2025-12-11 23:10:34,398 - INFO -    ⏳ Waiting 20s before retry...
2025-12-11 23:10:54,402 - WARNING - ⚠️ Reload attempt 3 failed: Page.goto: Target page, context or browser has been closed
2025-12-11 23:10:54,402 - ERROR - ❌ All reload attempts failed. Continuing with next subject.
2025-12-11 23:10:54,403 - INFO - 
🎓 [85/217] Scraping subject: ESSE - Earth, Space Science and Engineering - ( LE )
2025-12-11 23:10:54,403 - INFO -    🧭 Selecting subject ESSE - Earth, Space Science and Engineering - ( LE ) ...
2025-12-11 23:10:54,405 - WARNING - ⚠️ subjectSelect not found — reloading main York site.
2025-12-11 23:10:54,406 - INFO - 🔄 Re-loading main York course site...
2025-12-11 23:10:54,409 - WARNING - ⚠️ Reload attempt 1 failed: Page.goto: Target page, context or browser has been closed
2025-12-11 23:10:54,410 - INFO -    ⏳ Waiting 10s before retry...
2025-12-11 23:11:04,414 - WARNING - ⚠️ Reload attempt 2 failed: Page.goto: Target page, context or browser has been closed
2025-12-11 23:11:04,414 - INFO -    ⏳ Waiting 20s before retry...
2025-12-11 23:11:24,418 - WARNING - ⚠️ Reload attempt 3 failed: Page.goto: Target page, context or browser has been closed
2025-12-11 23:11:24,418 - ERROR - ❌ All reload attempts failed. Continuing with next subject.
2025-12-11 23:11:24,418 - INFO - 
🎓 [86/217] Scraping subject: EXCH - Exchange - ( SB )
2025-12-11 23:11:24,418 - WARNING - ⚠️ Too many errors — cooling down for 10 minutes...
2025-12-11 23:21:24,419 - INFO -    🧭 Selecting subject EXCH - Exchange - ( SB ) ...
2025-12-11 23:21:24,422 - WARNING - ⚠️ subjectSelect not found — reloading main York site.
2025-12-11 23:21:24,422 - INFO - 🔄 Re-loading main York course site...
2025-12-11 23:21:24,425 - WARNING - ⚠️ Reload attempt 1 failed: Page.goto: Target page, context or browser has been closed
2025-12-11 23:21:24,426 - INFO -    ⏳ Waiting 10s before retry...
2025-12-11 23:21:34,430 - WARNING - ⚠️ Reload attempt 2 failed: Page.goto: Target page, context or browser has been closed
2025-12-11 23:21:34,430 - INFO -    ⏳ Waiting 20s before retry...
2025-12-11 23:21:54,434 - WARNING - ⚠️ Reload attempt 3 failed: Page.goto: Target page, context or browser has been closed
2025-12-11 23:21:54,434 - ERROR - ❌ All reload attempts failed. Continuing with next subject.
2025-12-11 23:21:54,434 - INFO - 
🎓 [87/217] Scraping subject: FACC - Financial Accountability - ( GS )
2025-12-11 23:21:54,434 - INFO -    🧭 Selecting subject FACC - Financial Accountability - ( GS ) ...
2025-12-11 23:21:54,437 - WARNING - ⚠️ subjectSelect not found — reloading main York site.
2025-12-11 23:21:54,437 - INFO - 🔄 Re-loading main York course site...
2025-12-11 23:21:54,440 - WARNING - ⚠️ Reload attempt 1 failed: Page.goto: Target page, context or browser has been closed
2025-12-11 23:21:54,440 - INFO -    ⏳ Waiting 10s before retry...
2025-12-11 23:22:04,444 - WARNING - ⚠️ Reload attempt 2 failed: Page.goto: Target page, context or browser has been closed
2025-12-11 23:22:04,445 - INFO -    ⏳ Waiting 20s before retry...
2025-12-11 23:22:24,450 - WARNING - ⚠️ Reload attempt 3 failed: Page.goto: Target page, context or browser has been closed
2025-12-11 23:22:24,450 - ERROR - ❌ All reload attempts failed. Continuing with next subject.
2025-12-11 23:22:24,451 - INFO - 
🎓 [88/217] Scraping subject: FACS - Fine Arts Cultural Studies - ( FA )
2025-12-11 23:22:24,451 - INFO -    🧭 Selecting subject FACS - Fine Arts Cultural Studies - ( FA ) ...
2025-12-11 23:22:24,454 - WARNING - ⚠️ subjectSelect not found — reloading main York site.
2025-12-11 23:22:24,454 - INFO - 🔄 Re-loading main York course site...
2025-12-11 23:22:24,457 - WARNING - ⚠️ Reload attempt 1 failed: Page.goto: Target page, context or browser has been closed
2025-12-11 23:22:24,458 - INFO -    ⏳ Waiting 10s before retry...
2025-12-11 23:22:34,462 - WARNING - ⚠️ Reload attempt 2 failed: Page.goto: Target page, context or browser has been closed
2025-12-11 23:22:34,462 - INFO -    ⏳ Waiting 20s before retry...
2025-12-11 23:22:54,464 - WARNING - ⚠️ Reload attempt 3 failed: Page.goto: Target page, context or browser has been closed
2025-12-11 23:22:54,464 - ERROR - ❌ All reload attempts failed. Continuing with next subject.
2025-12-11 23:22:54,464 - INFO - 
🎓 [89/217] Scraping subject: FAST - Family Studies - ( ED )
2025-12-11 23:22:54,464 - INFO -    🧭 Selecting subject FAST - Family Studies - ( ED ) ...
2025-12-11 23:22:54,466 - WARNING - ⚠️ subjectSelect not found — reloading main York site.
2025-12-11 23:22:54,466 - INFO - 🔄 Re-loading main York course site...
2025-12-11 23:22:54,467 - WARNING - ⚠️ Reload attempt 1 failed: Page.goto: Target page, context or browser has been closed
2025-12-11 23:22:54,467 - INFO -    ⏳ Waiting 10s before retry...
2025-12-11 23:23:04,471 - WARNING - ⚠️ Reload attempt 2 failed: Page.goto: Target page, context or browser has been closed
2025-12-11 23:23:04,472 - INFO -    ⏳ Waiting 20s before retry...
2025-12-11 23:23:24,476 - WARNING - ⚠️ Reload attempt 3 failed: Page.goto: Target page, context or browser has been closed
2025-12-11 23:23:24,476 - ERROR - ❌ All reload attempts failed. Continuing with next subject.
2025-12-11 23:23:24,476 - INFO - 
🎓 [90/217] Scraping subject: FILM - Film - ( GS )
2025-12-11 23:23:24,476 - INFO -    🧭 Selecting subject FILM - Film - ( GS ) ...
2025-12-11 23:23:24,479 - WARNING - ⚠️ subjectSelect not found — reloading main York site.
2025-12-11 23:23:24,479 - INFO - 🔄 Re-loading main York course site...
2025-12-11 23:23:24,482 - WARNING - ⚠️ Reload attempt 1 failed: Page.goto: Target page, context or browser has been closed
2025-12-11 23:23:24,482 - INFO -    ⏳ Waiting 10s before retry...
2025-12-11 23:23:34,486 - WARNING - ⚠️ Reload attempt 2 failed: Page.goto: Target page, context or browser has been closed
2025-12-11 23:23:34,486 - INFO -    ⏳ Waiting 20s before retry...
2025-12-11 23:23:54,491 - WARNING - ⚠️ Reload attempt 3 failed: Page.goto: Target page, context or browser has been closed
2025-12-11 23:23:54,491 - ERROR - ❌ All reload attempts failed. Continuing with next subject.
2025-12-11 23:23:54,491 - INFO - 
🎓 [91/217] Scraping subject: FINE - Finance - ( SB )
2025-12-11 23:23:54,492 - WARNING - ⚠️ Too many errors — cooling down for 10 minutes...
2025-12-11 23:33:54,492 - INFO -    🧭 Selecting subject FINE - Finance - ( SB ) ...
2025-12-11 23:33:54,495 - WARNING - ⚠️ subjectSelect not found — reloading main York site.
2025-12-11 23:33:54,495 - INFO - 🔄 Re-loading main York course site...
2025-12-11 23:33:54,498 - WARNING - ⚠️ Reload attempt 1 failed: Page.goto: Target page, context or browser has been closed
2025-12-11 23:33:54,499 - INFO -    ⏳ Waiting 10s before retry...
2025-12-11 23:34:04,503 - WARNING - ⚠️ Reload attempt 2 failed: Page.goto: Target page, context or browser has been closed
2025-12-11 23:34:04,503 - INFO -    ⏳ Waiting 20s before retry...
2025-12-11 23:34:24,507 - WARNING - ⚠️ Reload attempt 3 failed: Page.goto: Target page, context or browser has been closed
2025-12-11 23:34:24,507 - ERROR - ❌ All reload attempts failed. Continuing with next subject.
2025-12-11 23:34:24,507 - INFO - 
🎓 [92/217] Scraping subject: FINT - Financial Technologies - ( AP )
2025-12-11 23:34:24,507 - INFO -    🧭 Selecting subject FINT - Financial Technologies - ( AP ) ...
2025-12-11 23:34:24,510 - WARNING - ⚠️ subjectSelect not found — reloading main York site.
2025-12-11 23:34:24,510 - INFO - 🔄 Re-loading main York course site...
2025-12-11 23:34:24,513 - WARNING - ⚠️ Reload attempt 1 failed: Page.goto: Target page, context or browser has been closed
2025-12-11 23:34:24,513 - INFO -    ⏳ Waiting 10s before retry...
2025-12-11 23:34:34,517 - WARNING - ⚠️ Reload attempt 2 failed: Page.goto: Target page, context or browser has been closed
2025-12-11 23:34:34,518 - INFO -    ⏳ Waiting 20s before retry...
2025-12-11 23:34:54,522 - WARNING - ⚠️ Reload attempt 3 failed: Page.goto: Target page, context or browser has been closed
2025-12-11 23:34:54,522 - ERROR - ❌ All reload attempts failed. Continuing with next subject.
2025-12-11 23:34:54,522 - INFO - 
🎓 [93/217] Scraping subject: FND - Fundamentals of Learning - ( AP )
2025-12-11 23:34:54,522 - INFO -    🧭 Selecting subject FND - Fundamentals of Learning - ( AP ) ...
2025-12-11 23:34:54,525 - WARNING - ⚠️ subjectSelect not found — reloading main York site.
2025-12-11 23:34:54,525 - INFO - 🔄 Re-loading main York course site...
2025-12-11 23:34:54,529 - WARNING - ⚠️ Reload attempt 1 failed: Page.goto: Target page, context or browser has been closed
2025-12-11 23:34:54,529 - INFO -    ⏳ Waiting 10s before retry...
2025-12-11 23:35:04,533 - WARNING - ⚠️ Reload attempt 2 failed: Page.goto: Target page, context or browser has been closed
2025-12-11 23:35:04,533 - INFO -    ⏳ Waiting 20s before retry...
2025-12-11 23:35:24,537 - WARNING - ⚠️ Reload attempt 3 failed: Page.goto: Target page, context or browser has been closed
2025-12-11 23:35:24,537 - ERROR - ❌ All reload attempts failed. Continuing with next subject.
2025-12-11 23:35:24,538 - INFO - 
🎓 [94/217] Scraping subject: FNEN - Financial Engineering - ( SB )
2025-12-11 23:35:24,538 - INFO -    🧭 Selecting subject FNEN - Financial Engineering - ( SB ) ...
2025-12-11 23:35:24,540 - WARNING - ⚠️ subjectSelect not found — reloading main York site.
2025-12-11 23:35:24,540 - INFO - 🔄 Re-loading main York course site...
2025-12-11 23:35:24,544 - WARNING - ⚠️ Reload attempt 1 failed: Page.goto: Target page, context or browser has been closed
2025-12-11 23:35:24,544 - INFO -    ⏳ Waiting 10s before retry...
2025-12-11 23:35:34,548 - WARNING - ⚠️ Reload attempt 2 failed: Page.goto: Target page, context or browser has been closed
2025-12-11 23:35:34,548 - INFO -    ⏳ Waiting 20s before retry...
2025-12-11 23:35:54,552 - WARNING - ⚠️ Reload attempt 3 failed: Page.goto: Target page, context or browser has been closed
2025-12-11 23:35:54,552 - ERROR - ❌ All reload attempts failed. Continuing with next subject.
2025-12-11 23:35:54,552 - INFO - 
🎓 [95/217] Scraping subject: FNMI - First Nations, Métis and Inuit Studies - ( ED )
2025-12-11 23:35:54,552 - INFO -    🧭 Selecting subject FNMI - First Nations, Métis and Inuit Studies - ( ED ) ...
2025-12-11 23:35:54,555 - WARNING - ⚠️ subjectSelect not found — reloading main York site.
2025-12-11 23:35:54,555 - INFO - 🔄 Re-loading main York course site...
2025-12-11 23:35:54,558 - WARNING - ⚠️ Reload attempt 1 failed: Page.goto: Target page, context or browser has been closed
2025-12-11 23:35:54,559 - INFO -    ⏳ Waiting 10s before retry...
2025-12-11 23:36:04,562 - WARNING - ⚠️ Reload attempt 2 failed: Page.goto: Target page, context or browser has been closed
2025-12-11 23:36:04,563 - INFO -    ⏳ Waiting 20s before retry...
2025-12-11 23:36:24,567 - WARNING - ⚠️ Reload attempt 3 failed: Page.goto: Target page, context or browser has been closed
2025-12-11 23:36:24,567 - ERROR - ❌ All reload attempts failed. Continuing with next subject.
2025-12-11 23:36:24,567 - INFO - 
🎓 [96/217] Scraping subject: FR - French Studies - ( AP )
2025-12-11 23:36:24,567 - WARNING - ⚠️ Too many errors — cooling down for 10 minutes...
2025-12-11 23:46:24,567 - INFO -    🧭 Selecting subject FR - French Studies - ( AP ) ...
2025-12-11 23:46:24,571 - WARNING - ⚠️ subjectSelect not found — reloading main York site.
2025-12-11 23:46:24,571 - INFO - 🔄 Re-loading main York course site...
2025-12-11 23:46:24,575 - WARNING - ⚠️ Reload attempt 1 failed: Page.goto: Target page, context or browser has been closed
2025-12-11 23:46:24,575 - INFO -    ⏳ Waiting 10s before retry...
2025-12-11 23:46:34,579 - WARNING - ⚠️ Reload attempt 2 failed: Page.goto: Target page, context or browser has been closed
2025-12-11 23:46:34,579 - INFO -    ⏳ Waiting 20s before retry...
2025-12-11 23:46:54,583 - WARNING - ⚠️ Reload attempt 3 failed: Page.goto: Target page, context or browser has been closed
2025-12-11 23:46:54,583 - ERROR - ❌ All reload attempts failed. Continuing with next subject.
2025-12-11 23:46:54,583 - INFO - 
🎓 [97/217] Scraping subject: FRAN - French Studies/Etudes Francaises - ( GL )
2025-12-11 23:46:54,583 - INFO -    🧭 Selecting subject FRAN - French Studies/Etudes Francaises - ( GL ) ...
2025-12-11 23:46:54,586 - WARNING - ⚠️ subjectSelect not found — reloading main York site.
2025-12-11 23:46:54,586 - INFO - 🔄 Re-loading main York course site...
2025-12-11 23:46:54,589 - WARNING - ⚠️ Reload attempt 1 failed: Page.goto: Target page, context or browser has been closed
2025-12-11 23:46:54,589 - INFO -    ⏳ Waiting 10s before retry...
2025-12-11 23:47:04,593 - WARNING - ⚠️ Reload attempt 2 failed: Page.goto: Target page, context or browser has been closed
2025-12-11 23:47:04,594 - INFO -    ⏳ Waiting 20s before retry...
2025-12-11 23:47:24,598 - WARNING - ⚠️ Reload attempt 3 failed: Page.goto: Target page, context or browser has been closed
2025-12-11 23:47:24,598 - ERROR - ❌ All reload attempts failed. Continuing with next subject.
2025-12-11 23:47:24,598 - INFO - 
🎓 [98/217] Scraping subject: FREN - French - ( ED, GS )
2025-12-11 23:47:24,598 - INFO -    🧭 Selecting subject FREN - French - ( ED, GS ) ...
2025-12-11 23:47:24,601 - WARNING - ⚠️ subjectSelect not found — reloading main York site.
2025-12-11 23:47:24,601 - INFO - 🔄 Re-loading main York course site...
2025-12-11 23:47:24,604 - WARNING - ⚠️ Reload attempt 1 failed: Page.goto: Target page, context or browser has been closed
2025-12-11 23:47:24,604 - INFO -    ⏳ Waiting 10s before retry...
2025-12-11 23:47:34,608 - WARNING - ⚠️ Reload attempt 2 failed: Page.goto: Target page, context or browser has been closed
2025-12-11 23:47:34,608 - INFO -    ⏳ Waiting 20s before retry...
2025-12-11 23:47:54,613 - WARNING - ⚠️ Reload attempt 3 failed: Page.goto: Target page, context or browser has been closed
2025-12-11 23:47:54,613 - ERROR - ❌ All reload attempts failed. Continuing with next subject.
2025-12-11 23:47:54,613 - INFO - 
🎓 [99/217] Scraping subject: FSL - French As A Second Language - ( GL )
2025-12-11 23:47:54,613 - INFO -    🧭 Selecting subject FSL - French As A Second Language - ( GL ) ...
2025-12-11 23:47:54,616 - WARNING - ⚠️ subjectSelect not found — reloading main York site.
2025-12-11 23:47:54,616 - INFO - 🔄 Re-loading main York course site...
2025-12-11 23:47:54,619 - WARNING - ⚠️ Reload attempt 1 failed: Page.goto: Target page, context or browser has been closed
2025-12-11 23:47:54,619 - INFO -    ⏳ Waiting 10s before retry...
2025-12-11 23:48:04,623 - WARNING - ⚠️ Reload attempt 2 failed: Page.goto: Target page, context or browser has been closed
2025-12-11 23:48:04,624 - INFO -    ⏳ Waiting 20s before retry...
2025-12-11 23:48:24,628 - WARNING - ⚠️ Reload attempt 3 failed: Page.goto: Target page, context or browser has been closed
2025-12-11 23:48:24,628 - ERROR - ❌ All reload attempts failed. Continuing with next subject.
2025-12-11 23:48:24,628 - INFO - 
🎓 [100/217] Scraping subject: GBUS - Global Business - ( SB )
2025-12-11 23:48:24,628 - INFO -    🧭 Selecting subject GBUS - Global Business - ( SB ) ...
2025-12-11 23:48:24,631 - WARNING - ⚠️ subjectSelect not found — reloading main York site.
2025-12-11 23:48:24,631 - INFO - 🔄 Re-loading main York course site...
2025-12-11 23:48:24,634 - WARNING - ⚠️ Reload attempt 1 failed: Page.goto: Target page, context or browser has been closed
2025-12-11 23:48:24,634 - INFO -    ⏳ Waiting 10s before retry...
2025-12-11 23:48:34,638 - WARNING - ⚠️ Reload attempt 2 failed: Page.goto: Target page, context or browser has been closed
2025-12-11 23:48:34,639 - INFO -    ⏳ Waiting 20s before retry...
2025-12-11 23:48:54,642 - WARNING - ⚠️ Reload attempt 3 failed: Page.goto: Target page, context or browser has been closed
2025-12-11 23:48:54,643 - ERROR - ❌ All reload attempts failed. Continuing with next subject.
2025-12-11 23:48:54,643 - INFO - 
🎓 [101/217] Scraping subject: GDFC - GS Law PD GD in Foundations of Canadian Law - ( GS )
2025-12-11 23:48:54,643 - WARNING - ⚠️ Too many errors — cooling down for 10 minutes...
2025-12-11 23:58:54,643 - INFO -    🧭 Selecting subject GDFC - GS Law PD GD in Foundations of Canadian Law - ( GS ) ...
2025-12-11 23:58:54,646 - WARNING - ⚠️ subjectSelect not found — reloading main York site.
2025-12-11 23:58:54,646 - INFO - 🔄 Re-loading main York course site...
2025-12-11 23:58:54,650 - WARNING - ⚠️ Reload attempt 1 failed: Page.goto: Target page, context or browser has been closed
2025-12-11 23:58:54,650 - INFO -    ⏳ Waiting 10s before retry...
2025-12-11 23:59:04,653 - WARNING - ⚠️ Reload attempt 2 failed: Page.goto: Target page, context or browser has been closed
2025-12-11 23:59:04,653 - INFO -    ⏳ Waiting 20s before retry...
2025-12-11 23:59:24,657 - WARNING - ⚠️ Reload attempt 3 failed: Page.goto: Target page, context or browser has been closed
2025-12-11 23:59:24,657 - ERROR - ❌ All reload attempts failed. Continuing with next subject.
2025-12-11 23:59:24,657 - INFO - 
🎓 [102/217] Scraping subject: GEOG - Geography - ( EU, ED, SC, GS )
2025-12-11 23:59:24,657 - INFO -    🧭 Selecting subject GEOG - Geography - ( EU, ED, SC, GS ) ...
2025-12-11 23:59:24,660 - WARNING - ⚠️ subjectSelect not found — reloading main York site.
2025-12-11 23:59:24,660 - INFO - 🔄 Re-loading main York course site...
2025-12-11 23:59:24,663 - WARNING - ⚠️ Reload attempt 1 failed: Page.goto: Target page, context or browser has been closed
2025-12-11 23:59:24,663 - INFO -    ⏳ Waiting 10s before retry...
2025-12-11 23:59:34,667 - WARNING - ⚠️ Reload attempt 2 failed: Page.goto: Target page, context or browser has been closed
2025-12-11 23:59:34,667 - INFO -    ⏳ Waiting 20s before retry...
2025-12-11 23:59:54,671 - WARNING - ⚠️ Reload attempt 3 failed: Page.goto: Target page, context or browser has been closed
2025-12-11 23:59:54,672 - ERROR - ❌ All reload attempts failed. Continuing with next subject.
2025-12-11 23:59:54,672 - INFO - 
🎓 [103/217] Scraping subject: GER - German - ( AP )
2025-12-11 23:59:54,672 - INFO -    🧭 Selecting subject GER - German - ( AP ) ...
2025-12-11 23:59:54,675 - WARNING - ⚠️ subjectSelect not found — reloading main York site.
2025-12-11 23:59:54,675 - INFO - 🔄 Re-loading main York course site...
2025-12-11 23:59:54,678 - WARNING - ⚠️ Reload attempt 1 failed: Page.goto: Target page, context or browser has been closed
2025-12-11 23:59:54,678 - INFO -    ⏳ Waiting 10s before retry...
2025-12-12 00:00:04,682 - WARNING - ⚠️ Reload attempt 2 failed: Page.goto: Target page, context or browser has been closed
2025-12-12 00:00:04,682 - INFO -    ⏳ Waiting 20s before retry...
2025-12-12 00:00:24,686 - WARNING - ⚠️ Reload attempt 3 failed: Page.goto: Target page, context or browser has been closed
2025-12-12 00:00:24,686 - ERROR - ❌ All reload attempts failed. Continuing with next subject.
2025-12-12 00:00:24,687 - INFO - 🕐 Maintenance window detected (00:00 → 1:45 a.m.).
2025-12-12 00:00:24,687 - INFO - 💤 Sleeping for 104.6 minutes...
2025-12-12 01:45:00,000 - INFO - ✅ Maintenance window over — resuming.
2025-12-12 01:45:00,000 - INFO - 
🎓 [104/217] Scraping subject: GFWS - Gender, Feminist and Womens Studies - ( GS )
2025-12-12 01:45:00,001 - INFO -    🧭 Selecting subject GFWS - Gender, Feminist and Womens Studies - ( GS ) ...
2025-12-12 01:45:00,004 - WARNING - ⚠️ subjectSelect not found — reloading main York site.
2025-12-12 01:45:00,004 - INFO - 🔄 Re-loading main York course site...
2025-12-12 01:45:00,008 - WARNING - ⚠️ Reload attempt 1 failed: Page.goto: Target page, context or browser has been closed
2025-12-12 01:45:00,008 - INFO -    ⏳ Waiting 10s before retry...
2025-12-12 01:45:10,012 - WARNING - ⚠️ Reload attempt 2 failed: Page.goto: Target page, context or browser has been closed
2025-12-12 01:45:10,012 - INFO -    ⏳ Waiting 20s before retry...
2025-12-12 01:45:30,013 - WARNING - ⚠️ Reload attempt 3 failed: Page.goto: Target page, context or browser has been closed
2025-12-12 01:45:30,013 - ERROR - ❌ All reload attempts failed. Continuing with next subject.
2025-12-12 01:45:30,013 - INFO - 
🎓 [105/217] Scraping subject: GH - Global Health - ( GS, HH )
2025-12-12 01:45:30,013 - INFO -    🧭 Selecting subject GH - Global Health - ( GS, HH ) ...
2025-12-12 01:45:30,014 - WARNING - ⚠️ subjectSelect not found — reloading main York site.
2025-12-12 01:45:30,014 - INFO - 🔄 Re-loading main York course site...
2025-12-12 01:45:30,015 - WARNING - ⚠️ Reload attempt 1 failed: Page.goto: Target page, context or browser has been closed
2025-12-12 01:45:30,015 - INFO -    ⏳ Waiting 10s before retry...
2025-12-12 01:45:40,019 - WARNING - ⚠️ Reload attempt 2 failed: Page.goto: Target page, context or browser has been closed
2025-12-12 01:45:40,019 - INFO -    ⏳ Waiting 20s before retry...
2025-12-12 01:46:00,023 - WARNING - ⚠️ Reload attempt 3 failed: Page.goto: Target page, context or browser has been closed
2025-12-12 01:46:00,023 - ERROR - ❌ All reload attempts failed. Continuing with next subject.
2025-12-12 01:46:00,024 - INFO - 
🎓 [106/217] Scraping subject: GK - Greek - ( AP )
2025-12-12 01:46:00,024 - WARNING - ⚠️ Too many errors — cooling down for 10 minutes...
2025-12-12 01:56:00,024 - INFO -    🧭 Selecting subject GK - Greek - ( AP ) ...
2025-12-12 01:56:00,027 - WARNING - ⚠️ subjectSelect not found — reloading main York site.
2025-12-12 01:56:00,027 - INFO - 🔄 Re-loading main York course site...
2025-12-12 01:56:00,031 - WARNING - ⚠️ Reload attempt 1 failed: Page.goto: Target page, context or browser has been closed
2025-12-12 01:56:00,031 - INFO -    ⏳ Waiting 10s before retry...
2025-12-12 01:56:10,037 - WARNING - ⚠️ Reload attempt 2 failed: Page.goto: Target page, context or browser has been closed
2025-12-12 01:56:10,037 - INFO -    ⏳ Waiting 20s before retry...
2025-12-12 01:56:30,041 - WARNING - ⚠️ Reload attempt 3 failed: Page.goto: Target page, context or browser has been closed
2025-12-12 01:56:30,041 - ERROR - ❌ All reload attempts failed. Continuing with next subject.
2025-12-12 01:56:30,041 - INFO - 
🎓 [107/217] Scraping subject: GKM - Modern Greek - ( AP )
2025-12-12 01:56:30,041 - INFO -    🧭 Selecting subject GKM - Modern Greek - ( AP ) ...
2025-12-12 01:56:30,044 - WARNING - ⚠️ subjectSelect not found — reloading main York site.
2025-12-12 01:56:30,044 - INFO - 🔄 Re-loading main York course site...
2025-12-12 01:56:30,047 - WARNING - ⚠️ Reload attempt 1 failed: Page.goto: Target page, context or browser has been closed
2025-12-12 01:56:30,048 - INFO -    ⏳ Waiting 10s before retry...
2025-12-12 01:56:40,051 - WARNING - ⚠️ Reload attempt 2 failed: Page.goto: Target page, context or browser has been closed
2025-12-12 01:56:40,052 - INFO -    ⏳ Waiting 20s before retry...
2025-12-12 01:57:00,055 - WARNING - ⚠️ Reload attempt 3 failed: Page.goto: Target page, context or browser has been closed
2025-12-12 01:57:00,055 - ERROR - ❌ All reload attempts failed. Continuing with next subject.
2025-12-12 01:57:00,056 - INFO - 
🎓 [108/217] Scraping subject: GLBL - Global Political Studies - ( AP )
2025-12-12 01:57:00,056 - INFO -    🧭 Selecting subject GLBL - Global Political Studies - ( AP ) ...
2025-12-12 01:57:00,058 - WARNING - ⚠️ subjectSelect not found — reloading main York site.
2025-12-12 01:57:00,058 - INFO - 🔄 Re-loading main York course site...
2025-12-12 01:57:00,062 - WARNING - ⚠️ Reload attempt 1 failed: Page.goto: Target page, context or browser has been closed
2025-12-12 01:57:00,062 - INFO -    ⏳ Waiting 10s before retry...
2025-12-12 01:57:10,066 - WARNING - ⚠️ Reload attempt 2 failed: Page.goto: Target page, context or browser has been closed
2025-12-12 01:57:10,066 - INFO -    ⏳ Waiting 20s before retry...
2025-12-12 01:57:30,070 - WARNING - ⚠️ Reload attempt 3 failed: Page.goto: Target page, context or browser has been closed
2025-12-12 01:57:30,070 - ERROR - ❌ All reload attempts failed. Continuing with next subject.
2025-12-12 01:57:30,070 - INFO - 
🎓 [109/217] Scraping subject: GNRL - General Law - ( GS )
2025-12-12 01:57:30,070 - INFO -    🧭 Selecting subject GNRL - General Law - ( GS ) ...
2025-12-12 01:57:30,073 - WARNING - ⚠️ subjectSelect not found — reloading main York site.
2025-12-12 01:57:30,073 - INFO - 🔄 Re-loading main York course site...
2025-12-12 01:57:30,077 - WARNING - ⚠️ Reload attempt 1 failed: Page.goto: Target page, context or browser has been closed
2025-12-12 01:57:30,077 - INFO -    ⏳ Waiting 10s before retry...
2025-12-12 01:57:40,081 - WARNING - ⚠️ Reload attempt 2 failed: Page.goto: Target page, context or browser has been closed
2025-12-12 01:57:40,081 - INFO -    ⏳ Waiting 20s before retry...
2025-12-12 01:58:00,085 - WARNING - ⚠️ Reload attempt 3 failed: Page.goto: Target page, context or browser has been closed
2025-12-12 01:58:00,085 - ERROR - ❌ All reload attempts failed. Continuing with next subject.
2025-12-12 01:58:00,085 - INFO - 
🎓 [110/217] Scraping subject: GWST - Gender and Women's Studies - ( AP, GL )
2025-12-12 01:58:00,086 - INFO -    🧭 Selecting subject GWST - Gender and Women's Studies - ( AP, GL ) ...
2025-12-12 01:58:00,088 - WARNING - ⚠️ subjectSelect not found — reloading main York site.
2025-12-12 01:58:00,088 - INFO - 🔄 Re-loading main York course site...
2025-12-12 01:58:00,092 - WARNING - ⚠️ Reload attempt 1 failed: Page.goto: Target page, context or browser has been closed
2025-12-12 01:58:00,092 - INFO -    ⏳ Waiting 10s before retry...
2025-12-12 01:58:10,095 - WARNING - ⚠️ Reload attempt 2 failed: Page.goto: Target page, context or browser has been closed
2025-12-12 01:58:10,096 - INFO -    ⏳ Waiting 20s before retry...
2025-12-12 01:58:30,100 - WARNING - ⚠️ Reload attempt 3 failed: Page.goto: Target page, context or browser has been closed
2025-12-12 01:58:30,100 - ERROR - ❌ All reload attempts failed. Continuing with next subject.
2025-12-12 01:58:30,100 - INFO - 
🎓 [111/217] Scraping subject: HEB - Hebrew - ( ED, AP )
2025-12-12 01:58:30,100 - WARNING - ⚠️ Too many errors — cooling down for 10 minutes...
2025-12-12 02:08:30,101 - INFO -    🧭 Selecting subject HEB - Hebrew - ( ED, AP ) ...
2025-12-12 02:08:30,104 - WARNING - ⚠️ subjectSelect not found — reloading main York site.
2025-12-12 02:08:30,104 - INFO - 🔄 Re-loading main York course site...
2025-12-12 02:08:30,107 - WARNING - ⚠️ Reload attempt 1 failed: Page.goto: Target page, context or browser has been closed
2025-12-12 02:08:30,107 - INFO -    ⏳ Waiting 10s before retry...
2025-12-12 02:08:40,111 - WARNING - ⚠️ Reload attempt 2 failed: Page.goto: Target page, context or browser has been closed
2025-12-12 02:08:40,111 - INFO -    ⏳ Waiting 20s before retry...
2025-12-12 02:09:00,115 - WARNING - ⚠️ Reload attempt 3 failed: Page.goto: Target page, context or browser has been closed
2025-12-12 02:09:00,116 - ERROR - ❌ All reload attempts failed. Continuing with next subject.
2025-12-12 02:09:00,116 - INFO - 
🎓 [112/217] Scraping subject: HIMP - Health Industry Management Program - ( SB )
2025-12-12 02:09:00,116 - INFO -    🧭 Selecting subject HIMP - Health Industry Management Program - ( SB ) ...
2025-12-12 02:09:00,119 - WARNING - ⚠️ subjectSelect not found — reloading main York site.
2025-12-12 02:09:00,119 - INFO - 🔄 Re-loading main York course site...
2025-12-12 02:09:00,123 - WARNING - ⚠️ Reload attempt 1 failed: Page.goto: Target page, context or browser has been closed
2025-12-12 02:09:00,123 - INFO -    ⏳ Waiting 10s before retry...
2025-12-12 02:09:10,127 - WARNING - ⚠️ Reload attempt 2 failed: Page.goto: Target page, context or browser has been closed
2025-12-12 02:09:10,127 - INFO -    ⏳ Waiting 20s before retry...
2025-12-12 02:09:30,131 - WARNING - ⚠️ Reload attempt 3 failed: Page.goto: Target page, context or browser has been closed
2025-12-12 02:09:30,131 - ERROR - ❌ All reload attempts failed. Continuing with next subject.
2025-12-12 02:09:30,131 - INFO - 
🎓 [113/217] Scraping subject: HIST - History - ( GL, GS, ED, AP )
2025-12-12 02:09:30,131 - INFO -    🧭 Selecting subject HIST - History - ( GL, GS, ED, AP ) ...
2025-12-12 02:09:30,134 - WARNING - ⚠️ subjectSelect not found — reloading main York site.
2025-12-12 02:09:30,134 - INFO - 🔄 Re-loading main York course site...
2025-12-12 02:09:30,137 - WARNING - ⚠️ Reload attempt 1 failed: Page.goto: Target page, context or browser has been closed
2025-12-12 02:09:30,137 - INFO -    ⏳ Waiting 10s before retry...
2025-12-12 02:09:40,141 - WARNING - ⚠️ Reload attempt 2 failed: Page.goto: Target page, context or browser has been closed
2025-12-12 02:09:40,142 - INFO -    ⏳ Waiting 20s before retry...
2025-12-12 02:10:00,145 - WARNING - ⚠️ Reload attempt 3 failed: Page.goto: Target page, context or browser has been closed
2025-12-12 02:10:00,146 - ERROR - ❌ All reload attempts failed. Continuing with next subject.
2025-12-12 02:10:00,146 - INFO - 
🎓 [114/217] Scraping subject: HLST - Health Studies - ( HH )
2025-12-12 02:10:00,146 - INFO -    🧭 Selecting subject HLST - Health Studies - ( HH ) ...
2025-12-12 02:10:00,149 - WARNING - ⚠️ subjectSelect not found — reloading main York site.
2025-12-12 02:10:00,149 - INFO - 🔄 Re-loading main York course site...
2025-12-12 02:10:00,152 - WARNING - ⚠️ Reload attempt 1 failed: Page.goto: Target page, context or browser has been closed
2025-12-12 02:10:00,152 - INFO -    ⏳ Waiting 10s before retry...
2025-12-12 02:10:10,157 - WARNING - ⚠️ Reload attempt 2 failed: Page.goto: Target page, context or browser has been closed
2025-12-12 02:10:10,157 - INFO -    ⏳ Waiting 20s before retry...
2025-12-12 02:10:30,161 - WARNING - ⚠️ Reload attempt 3 failed: Page.goto: Target page, context or browser has been closed
2025-12-12 02:10:30,161 - ERROR - ❌ All reload attempts failed. Continuing with next subject.
2025-12-12 02:10:30,161 - INFO - 
🎓 [115/217] Scraping subject: HLTH - Health - ( GS )
2025-12-12 02:10:30,162 - INFO -    🧭 Selecting subject HLTH - Health - ( GS ) ...
2025-12-12 02:10:30,164 - WARNING - ⚠️ subjectSelect not found — reloading main York site.
2025-12-12 02:10:30,164 - INFO - 🔄 Re-loading main York course site...
2025-12-12 02:10:30,168 - WARNING - ⚠️ Reload attempt 1 failed: Page.goto: Target page, context or browser has been closed
2025-12-12 02:10:30,168 - INFO -    ⏳ Waiting 10s before retry...
2025-12-12 02:10:40,172 - WARNING - ⚠️ Reload attempt 2 failed: Page.goto: Target page, context or browser has been closed
2025-12-12 02:10:40,172 - INFO -    ⏳ Waiting 20s before retry...
2025-12-12 02:11:00,176 - WARNING - ⚠️ Reload attempt 3 failed: Page.goto: Target page, context or browser has been closed
2025-12-12 02:11:00,176 - ERROR - ❌ All reload attempts failed. Continuing with next subject.
2025-12-12 02:11:00,176 - INFO - 
🎓 [116/217] Scraping subject: HND - Hindi - ( AP )
2025-12-12 02:11:00,176 - WARNING - ⚠️ Too many errors — cooling down for 10 minutes...
2025-12-12 02:21:00,177 - INFO -    🧭 Selecting subject HND - Hindi - ( AP ) ...
2025-12-12 02:21:00,180 - WARNING - ⚠️ subjectSelect not found — reloading main York site.
2025-12-12 02:21:00,180 - INFO - 🔄 Re-loading main York course site...
2025-12-12 02:21:00,183 - WARNING - ⚠️ Reload attempt 1 failed: Page.goto: Target page, context or browser has been closed
2025-12-12 02:21:00,183 - INFO -    ⏳ Waiting 10s before retry...
2025-12-12 02:21:10,187 - WARNING - ⚠️ Reload attempt 2 failed: Page.goto: Target page, context or browser has been closed
2025-12-12 02:21:10,187 - INFO -    ⏳ Waiting 20s before retry...
2025-12-12 02:21:30,191 - WARNING - ⚠️ Reload attempt 3 failed: Page.goto: Target page, context or browser has been closed
2025-12-12 02:21:30,191 - ERROR - ❌ All reload attempts failed. Continuing with next subject.
2025-12-12 02:21:30,192 - INFO - 
🎓 [117/217] Scraping subject: HREQ - Human Rights and Equity Studies - ( AP )
2025-12-12 02:21:30,192 - INFO -    🧭 Selecting subject HREQ - Human Rights and Equity Studies - ( AP ) ...
2025-12-12 02:21:30,194 - WARNING - ⚠️ subjectSelect not found — reloading main York site.
2025-12-12 02:21:30,195 - INFO - 🔄 Re-loading main York course site...
2025-12-12 02:21:30,199 - WARNING - ⚠️ Reload attempt 1 failed: Page.goto: Target page, context or browser has been closed
2025-12-12 02:21:30,199 - INFO -    ⏳ Waiting 10s before retry...
2025-12-12 02:21:40,203 - WARNING - ⚠️ Reload attempt 2 failed: Page.goto: Target page, context or browser has been closed
2025-12-12 02:21:40,203 - INFO -    ⏳ Waiting 20s before retry...
2025-12-12 02:22:00,207 - WARNING - ⚠️ Reload attempt 3 failed: Page.goto: Target page, context or browser has been closed
2025-12-12 02:22:00,207 - ERROR - ❌ All reload attempts failed. Continuing with next subject.
2025-12-12 02:22:00,207 - INFO - 
🎓 [118/217] Scraping subject: HRM - Human Resources Management - ( GS, AP )
2025-12-12 02:22:00,207 - INFO -    🧭 Selecting subject HRM - Human Resources Management - ( GS, AP ) ...
2025-12-12 02:22:00,210 - WARNING - ⚠️ subjectSelect not found — reloading main York site.
2025-12-12 02:22:00,210 - INFO - 🔄 Re-loading main York course site...
2025-12-12 02:22:00,213 - WARNING - ⚠️ Reload attempt 1 failed: Page.goto: Target page, context or browser has been closed
2025-12-12 02:22:00,213 - INFO -    ⏳ Waiting 10s before retry...
2025-12-12 02:22:10,217 - WARNING - ⚠️ Reload attempt 2 failed: Page.goto: Target page, context or browser has been closed
2025-12-12 02:22:10,217 - INFO -    ⏳ Waiting 20s before retry...
2025-12-12 02:22:30,221 - WARNING - ⚠️ Reload attempt 3 failed: Page.goto: Target page, context or browser has been closed
2025-12-12 02:22:30,222 - ERROR - ❌ All reload attempts failed. Continuing with next subject.
2025-12-12 02:22:30,222 - INFO - 
🎓 [119/217] Scraping subject: HUMA - Humanities - ( GL, AP, GS )
2025-12-12 02:22:30,222 - INFO -    🧭 Selecting subject HUMA - Humanities - ( GL, AP, GS ) ...
2025-12-12 02:22:30,225 - WARNING - ⚠️ subjectSelect not found — reloading main York site.
2025-12-12 02:22:30,225 - INFO - 🔄 Re-loading main York course site...
2025-12-12 02:22:30,228 - WARNING - ⚠️ Reload attempt 1 failed: Page.goto: Target page, context or browser has been closed
2025-12-12 02:22:30,228 - INFO -    ⏳ Waiting 10s before retry...
2025-12-12 02:22:40,232 - WARNING - ⚠️ Reload attempt 2 failed: Page.goto: Target page, context or browser has been closed
2025-12-12 02:22:40,233 - INFO -    ⏳ Waiting 20s before retry...
2025-12-12 02:23:00,236 - WARNING - ⚠️ Reload attempt 3 failed: Page.goto: Target page, context or browser has been closed
2025-12-12 02:23:00,237 - ERROR - ❌ All reload attempts failed. Continuing with next subject.
2025-12-12 02:23:00,237 - INFO - 
🎓 [120/217] Scraping subject: IBUS - International Business - ( SB )
2025-12-12 02:23:00,237 - INFO -    🧭 Selecting subject IBUS - International Business - ( SB ) ...
2025-12-12 02:23:00,240 - WARNING - ⚠️ subjectSelect not found — reloading main York site.
2025-12-12 02:23:00,240 - INFO - 🔄 Re-loading main York course site...
2025-12-12 02:23:00,244 - WARNING - ⚠️ Reload attempt 1 failed: Page.goto: Target page, context or browser has been closed
2025-12-12 02:23:00,244 - INFO -    ⏳ Waiting 10s before retry...
2025-12-12 02:23:10,248 - WARNING - ⚠️ Reload attempt 2 failed: Page.goto: Target page, context or browser has been closed
2025-12-12 02:23:10,248 - INFO -    ⏳ Waiting 20s before retry...
2025-12-12 02:23:30,252 - WARNING - ⚠️ Reload attempt 3 failed: Page.goto: Target page, context or browser has been closed
2025-12-12 02:23:30,252 - ERROR - ❌ All reload attempts failed. Continuing with next subject.
2025-12-12 02:23:30,252 - INFO - 
🎓 [121/217] Scraping subject: IHST - Interdisciplinary Health Studies - ( HH )
2025-12-12 02:23:30,252 - WARNING - ⚠️ Too many errors — cooling down for 10 minutes...
2025-12-12 02:33:30,253 - INFO -    🧭 Selecting subject IHST - Interdisciplinary Health Studies - ( HH ) ...
2025-12-12 02:33:30,256 - WARNING - ⚠️ subjectSelect not found — reloading main York site.
2025-12-12 02:33:30,256 - INFO - 🔄 Re-loading main York course site...
2025-12-12 02:33:30,259 - WARNING - ⚠️ Reload attempt 1 failed: Page.goto: Target page, context or browser has been closed
2025-12-12 02:33:30,259 - INFO -    ⏳ Waiting 10s before retry...
2025-12-12 02:33:40,263 - WARNING - ⚠️ Reload attempt 2 failed: Page.goto: Target page, context or browser has been closed
2025-12-12 02:33:40,264 - INFO -    ⏳ Waiting 20s before retry...
2025-12-12 02:34:00,268 - WARNING - ⚠️ Reload attempt 3 failed: Page.goto: Target page, context or browser has been closed
2025-12-12 02:34:00,268 - ERROR - ❌ All reload attempts failed. Continuing with next subject.
2025-12-12 02:34:00,268 - INFO - 
🎓 [122/217] Scraping subject: ILST - International Studies - ( GL )
2025-12-12 02:34:00,268 - INFO -    🧭 Selecting subject ILST - International Studies - ( GL ) ...
2025-12-12 02:34:00,271 - WARNING - ⚠️ subjectSelect not found — reloading main York site.
2025-12-12 02:34:00,271 - INFO - 🔄 Re-loading main York course site...
2025-12-12 02:34:00,274 - WARNING - ⚠️ Reload attempt 1 failed: Page.goto: Target page, context or browser has been closed
2025-12-12 02:34:00,274 - INFO -    ⏳ Waiting 10s before retry...
2025-12-12 02:34:10,279 - WARNING - ⚠️ Reload attempt 2 failed: Page.goto: Target page, context or browser has been closed
2025-12-12 02:34:10,279 - INFO -    ⏳ Waiting 20s before retry...
2025-12-12 02:34:30,283 - WARNING - ⚠️ Reload attempt 3 failed: Page.goto: Target page, context or browser has been closed
2025-12-12 02:34:30,283 - ERROR - ❌ All reload attempts failed. Continuing with next subject.
2025-12-12 02:34:30,283 - INFO - 
🎓 [123/217] Scraping subject: INDG - Indigenous Studies - ( AP )
2025-12-12 02:34:30,283 - INFO -    🧭 Selecting subject INDG - Indigenous Studies - ( AP ) ...
2025-12-12 02:34:30,286 - WARNING - ⚠️ subjectSelect not found — reloading main York site.
2025-12-12 02:34:30,286 - INFO - 🔄 Re-loading main York course site...
2025-12-12 02:34:30,289 - WARNING - ⚠️ Reload attempt 1 failed: Page.goto: Target page, context or browser has been closed
2025-12-12 02:34:30,290 - INFO -    ⏳ Waiting 10s before retry...
2025-12-12 02:34:40,291 - WARNING - ⚠️ Reload attempt 2 failed: Page.goto: Target page, context or browser has been closed
2025-12-12 02:34:40,291 - INFO -    ⏳ Waiting 20s before retry...
2025-12-12 02:35:00,295 - WARNING - ⚠️ Reload attempt 3 failed: Page.goto: Target page, context or browser has been closed
2025-12-12 02:35:00,295 - ERROR - ❌ All reload attempts failed. Continuing with next subject.
2025-12-12 02:35:00,295 - INFO - 
🎓 [124/217] Scraping subject: INDV - Individualized Studies - ( AP )
2025-12-12 02:35:00,295 - INFO -    🧭 Selecting subject INDV - Individualized Studies - ( AP ) ...
2025-12-12 02:35:00,298 - WARNING - ⚠️ subjectSelect not found — reloading main York site.
2025-12-12 02:35:00,298 - INFO - 🔄 Re-loading main York course site...
2025-12-12 02:35:00,301 - WARNING - ⚠️ Reload attempt 1 failed: Page.goto: Target page, context or browser has been closed
2025-12-12 02:35:00,302 - INFO -    ⏳ Waiting 10s before retry...
2025-12-12 02:35:10,306 - WARNING - ⚠️ Reload attempt 2 failed: Page.goto: Target page, context or browser has been closed
2025-12-12 02:35:10,306 - INFO -    ⏳ Waiting 20s before retry...
2025-12-12 02:35:30,310 - WARNING - ⚠️ Reload attempt 3 failed: Page.goto: Target page, context or browser has been closed
2025-12-12 02:35:30,310 - ERROR - ❌ All reload attempts failed. Continuing with next subject.
2025-12-12 02:35:30,310 - INFO - 
🎓 [125/217] Scraping subject: INST - Interdisciplinary Study - ( GS )
2025-12-12 02:35:30,310 - INFO -    🧭 Selecting subject INST - Interdisciplinary Study - ( GS ) ...
2025-12-12 02:35:30,313 - WARNING - ⚠️ subjectSelect not found — reloading main York site.
2025-12-12 02:35:30,313 - INFO - 🔄 Re-loading main York course site...
2025-12-12 02:35:30,317 - WARNING - ⚠️ Reload attempt 1 failed: Page.goto: Target page, context or browser has been closed
2025-12-12 02:35:30,317 - INFO -    ⏳ Waiting 10s before retry...
2025-12-12 02:35:40,321 - WARNING - ⚠️ Reload attempt 2 failed: Page.goto: Target page, context or browser has been closed
2025-12-12 02:35:40,321 - INFO -    ⏳ Waiting 20s before retry...
2025-12-12 02:36:00,325 - WARNING - ⚠️ Reload attempt 3 failed: Page.goto: Target page, context or browser has been closed
2025-12-12 02:36:00,325 - ERROR - ❌ All reload attempts failed. Continuing with next subject.
2025-12-12 02:36:00,326 - INFO - 
🎓 [126/217] Scraping subject: INTE - Conference Interpreting - ( GS )
2025-12-12 02:36:00,326 - WARNING - ⚠️ Too many errors — cooling down for 10 minutes...
2025-12-12 02:46:00,326 - INFO -    🧭 Selecting subject INTE - Conference Interpreting - ( GS ) ...
2025-12-12 02:46:00,329 - WARNING - ⚠️ subjectSelect not found — reloading main York site.
2025-12-12 02:46:00,329 - INFO - 🔄 Re-loading main York course site...
2025-12-12 02:46:00,333 - WARNING - ⚠️ Reload attempt 1 failed: Page.goto: Target page, context or browser has been closed
2025-12-12 02:46:00,333 - INFO -    ⏳ Waiting 10s before retry...
2025-12-12 02:46:10,337 - WARNING - ⚠️ Reload attempt 2 failed: Page.goto: Target page, context or browser has been closed
2025-12-12 02:46:10,337 - INFO -    ⏳ Waiting 20s before retry...
2025-12-12 02:46:30,341 - WARNING - ⚠️ Reload attempt 3 failed: Page.goto: Target page, context or browser has been closed
2025-12-12 02:46:30,341 - ERROR - ❌ All reload attempts failed. Continuing with next subject.
2025-12-12 02:46:30,341 - INFO - 
🎓 [127/217] Scraping subject: INTL - International - ( SB )
2025-12-12 02:46:30,342 - INFO -    🧭 Selecting subject INTL - International - ( SB ) ...
2025-12-12 02:46:30,344 - WARNING - ⚠️ subjectSelect not found — reloading main York site.
2025-12-12 02:46:30,344 - INFO - 🔄 Re-loading main York course site...
2025-12-12 02:46:30,347 - WARNING - ⚠️ Reload attempt 1 failed: Page.goto: Target page, context or browser has been closed
2025-12-12 02:46:30,348 - INFO -    ⏳ Waiting 10s before retry...
2025-12-12 02:46:40,352 - WARNING - ⚠️ Reload attempt 2 failed: Page.goto: Target page, context or browser has been closed
2025-12-12 02:46:40,352 - INFO -    ⏳ Waiting 20s before retry...
2025-12-12 02:47:00,356 - WARNING - ⚠️ Reload attempt 3 failed: Page.goto: Target page, context or browser has been closed
2025-12-12 02:47:00,356 - ERROR - ❌ All reload attempts failed. Continuing with next subject.
2025-12-12 02:47:00,356 - INFO - 
🎓 [128/217] Scraping subject: IT - Italian - ( AP )
2025-12-12 02:47:00,356 - INFO -    🧭 Selecting subject IT - Italian - ( AP ) ...
2025-12-12 02:47:00,359 - WARNING - ⚠️ subjectSelect not found — reloading main York site.
2025-12-12 02:47:00,360 - INFO - 🔄 Re-loading main York course site...
2025-12-12 02:47:00,363 - WARNING - ⚠️ Reload attempt 1 failed: Page.goto: Target page, context or browser has been closed
2025-12-12 02:47:00,363 - INFO -    ⏳ Waiting 10s before retry...
2025-12-12 02:47:10,367 - WARNING - ⚠️ Reload attempt 2 failed: Page.goto: Target page, context or browser has been closed
2025-12-12 02:47:10,367 - INFO -    ⏳ Waiting 20s before retry...
2025-12-12 02:47:30,371 - WARNING - ⚠️ Reload attempt 3 failed: Page.goto: Target page, context or browser has been closed
2025-12-12 02:47:30,371 - ERROR - ❌ All reload attempts failed. Continuing with next subject.
2025-12-12 02:47:30,372 - INFO - 
🎓 [129/217] Scraping subject: ITEC - Information Technology - ( AP, ED, GS, GL )
2025-12-12 02:47:30,372 - INFO -    🧭 Selecting subject ITEC - Information Technology - ( AP, ED, GS, GL ) ...
2025-12-12 02:47:30,374 - WARNING - ⚠️ subjectSelect not found — reloading main York site.
2025-12-12 02:47:30,374 - INFO - 🔄 Re-loading main York course site...
2025-12-12 02:47:30,378 - WARNING - ⚠️ Reload attempt 1 failed: Page.goto: Target page, context or browser has been closed
2025-12-12 02:47:30,378 - INFO -    ⏳ Waiting 10s before retry...
2025-12-12 02:47:40,382 - WARNING - ⚠️ Reload attempt 2 failed: Page.goto: Target page, context or browser has been closed
2025-12-12 02:47:40,382 - INFO -    ⏳ Waiting 20s before retry...
2025-12-12 02:48:00,386 - WARNING - ⚠️ Reload attempt 3 failed: Page.goto: Target page, context or browser has been closed
2025-12-12 02:48:00,386 - ERROR - ❌ All reload attempts failed. Continuing with next subject.
2025-12-12 02:48:00,386 - INFO - 
🎓 [130/217] Scraping subject: JC - Jamaican Creole - ( AP )
2025-12-12 02:48:00,387 - INFO -    🧭 Selecting subject JC - Jamaican Creole - ( AP ) ...
2025-12-12 02:48:00,389 - WARNING - ⚠️ subjectSelect not found — reloading main York site.
2025-12-12 02:48:00,389 - INFO - 🔄 Re-loading main York course site...
2025-12-12 02:48:00,393 - WARNING - ⚠️ Reload attempt 1 failed: Page.goto: Target page, context or browser has been closed
2025-12-12 02:48:00,393 - INFO -    ⏳ Waiting 10s before retry...
2025-12-12 02:48:10,397 - WARNING - ⚠️ Reload attempt 2 failed: Page.goto: Target page, context or browser has been closed
2025-12-12 02:48:10,398 - INFO -    ⏳ Waiting 20s before retry...
2025-12-12 02:48:30,401 - WARNING - ⚠️ Reload attempt 3 failed: Page.goto: Target page, context or browser has been closed
2025-12-12 02:48:30,402 - ERROR - ❌ All reload attempts failed. Continuing with next subject.
2025-12-12 02:48:30,402 - INFO - 
🎓 [131/217] Scraping subject: JP - Japanese - ( AP )
2025-12-12 02:48:30,402 - WARNING - ⚠️ Too many errors — cooling down for 10 minutes...
2025-12-12 02:58:30,402 - INFO -    🧭 Selecting subject JP - Japanese - ( AP ) ...
2025-12-12 02:58:30,406 - WARNING - ⚠️ subjectSelect not found — reloading main York site.
2025-12-12 02:58:30,406 - INFO - 🔄 Re-loading main York course site...
2025-12-12 02:58:30,409 - WARNING - ⚠️ Reload attempt 1 failed: Page.goto: Target page, context or browser has been closed
2025-12-12 02:58:30,409 - INFO -    ⏳ Waiting 10s before retry...
2025-12-12 02:58:40,413 - WARNING - ⚠️ Reload attempt 2 failed: Page.goto: Target page, context or browser has been closed
2025-12-12 02:58:40,413 - INFO -    ⏳ Waiting 20s before retry...
2025-12-12 02:59:00,417 - WARNING - ⚠️ Reload attempt 3 failed: Page.goto: Target page, context or browser has been closed
2025-12-12 02:59:00,417 - ERROR - ❌ All reload attempts failed. Continuing with next subject.
2025-12-12 02:59:00,418 - INFO - 
🎓 [132/217] Scraping subject: JWST - Jewish Studies - ( AP )
2025-12-12 02:59:00,418 - INFO -    🧭 Selecting subject JWST - Jewish Studies - ( AP ) ...
2025-12-12 02:59:00,420 - WARNING - ⚠️ subjectSelect not found — reloading main York site.
2025-12-12 02:59:00,421 - INFO - 🔄 Re-loading main York course site...
2025-12-12 02:59:00,424 - WARNING - ⚠️ Reload attempt 1 failed: Page.goto: Target page, context or browser has been closed
2025-12-12 02:59:00,424 - INFO -    ⏳ Waiting 10s before retry...
2025-12-12 02:59:10,428 - WARNING - ⚠️ Reload attempt 2 failed: Page.goto: Target page, context or browser has been closed
2025-12-12 02:59:10,428 - INFO -    ⏳ Waiting 20s before retry...
2025-12-12 02:59:30,432 - WARNING - ⚠️ Reload attempt 3 failed: Page.goto: Target page, context or browser has been closed
2025-12-12 02:59:30,432 - ERROR - ❌ All reload attempts failed. Continuing with next subject.
2025-12-12 02:59:30,432 - INFO - 
🎓 [133/217] Scraping subject: KAHS - Kinesiology & Health Science - ( GS )
2025-12-12 02:59:30,433 - INFO -    🧭 Selecting subject KAHS - Kinesiology & Health Science - ( GS ) ...
2025-12-12 02:59:30,435 - WARNING - ⚠️ subjectSelect not found — reloading main York site.
2025-12-12 02:59:30,435 - INFO - 🔄 Re-loading main York course site...
2025-12-12 02:59:30,439 - WARNING - ⚠️ Reload attempt 1 failed: Page.goto: Target page, context or browser has been closed
2025-12-12 02:59:30,439 - INFO -    ⏳ Waiting 10s before retry...
2025-12-12 02:59:40,443 - WARNING - ⚠️ Reload attempt 2 failed: Page.goto: Target page, context or browser has been closed
2025-12-12 02:59:40,443 - INFO -    ⏳ Waiting 20s before retry...
2025-12-12 03:00:00,447 - WARNING - ⚠️ Reload attempt 3 failed: Page.goto: Target page, context or browser has been closed
2025-12-12 03:00:00,447 - ERROR - ❌ All reload attempts failed. Continuing with next subject.
2025-12-12 03:00:00,448 - INFO - 
🎓 [134/217] Scraping subject: KINE - Kinesiology & Health Science - ( HH )
2025-12-12 03:00:00,448 - INFO -    🧭 Selecting subject KINE - Kinesiology & Health Science - ( HH ) ...
2025-12-12 03:00:00,450 - WARNING - ⚠️ subjectSelect not found — reloading main York site.
2025-12-12 03:00:00,451 - INFO - 🔄 Re-loading main York course site...
2025-12-12 03:00:00,454 - WARNING - ⚠️ Reload attempt 1 failed: Page.goto: Target page, context or browser has been closed
2025-12-12 03:00:00,454 - INFO -    ⏳ Waiting 10s before retry...
2025-12-12 03:00:10,458 - WARNING - ⚠️ Reload attempt 2 failed: Page.goto: Target page, context or browser has been closed
2025-12-12 03:00:10,458 - INFO -    ⏳ Waiting 20s before retry...
2025-12-12 03:00:30,462 - WARNING - ⚠️ Reload attempt 3 failed: Page.goto: Target page, context or browser has been closed
2025-12-12 03:00:30,463 - ERROR - ❌ All reload attempts failed. Continuing with next subject.
2025-12-12 03:00:30,463 - INFO - 
🎓 [135/217] Scraping subject: KOR - Korean - ( AP )
2025-12-12 03:00:30,463 - INFO -    🧭 Selecting subject KOR - Korean - ( AP ) ...
2025-12-12 03:00:30,465 - WARNING - ⚠️ subjectSelect not found — reloading main York site.
2025-12-12 03:00:30,466 - INFO - 🔄 Re-loading main York course site...
2025-12-12 03:00:30,469 - WARNING - ⚠️ Reload attempt 1 failed: Page.goto: Target page, context or browser has been closed
2025-12-12 03:00:30,469 - INFO -    ⏳ Waiting 10s before retry...
2025-12-12 03:00:40,473 - WARNING - ⚠️ Reload attempt 2 failed: Page.goto: Target page, context or browser has been closed
2025-12-12 03:00:40,473 - INFO -    ⏳ Waiting 20s before retry...
2025-12-12 03:01:00,477 - WARNING - ⚠️ Reload attempt 3 failed: Page.goto: Target page, context or browser has been closed
2025-12-12 03:01:00,477 - ERROR - ❌ All reload attempts failed. Continuing with next subject.
2025-12-12 03:01:00,478 - INFO - 
🎓 [136/217] Scraping subject: LA - Latin - ( AP )
2025-12-12 03:01:00,478 - WARNING - ⚠️ Too many errors — cooling down for 10 minutes...
2025-12-12 03:11:00,478 - INFO -    🧭 Selecting subject LA - Latin - ( AP ) ...
2025-12-12 03:11:00,482 - WARNING - ⚠️ subjectSelect not found — reloading main York site.
2025-12-12 03:11:00,482 - INFO - 🔄 Re-loading main York course site...
2025-12-12 03:11:00,485 - WARNING - ⚠️ Reload attempt 1 failed: Page.goto: Target page, context or browser has been closed
2025-12-12 03:11:00,485 - INFO -    ⏳ Waiting 10s before retry...
2025-12-12 03:11:10,489 - WARNING - ⚠️ Reload attempt 2 failed: Page.goto: Target page, context or browser has been closed
2025-12-12 03:11:10,490 - INFO -    ⏳ Waiting 20s before retry...
2025-12-12 03:11:30,494 - WARNING - ⚠️ Reload attempt 3 failed: Page.goto: Target page, context or browser has been closed
2025-12-12 03:11:30,494 - ERROR - ❌ All reload attempts failed. Continuing with next subject.
2025-12-12 03:11:30,494 - INFO - 
🎓 [137/217] Scraping subject: LAL - Linguistics and Applied Linguistics - ( GS )
2025-12-12 03:11:30,494 - INFO -    🧭 Selecting subject LAL - Linguistics and Applied Linguistics - ( GS ) ...
2025-12-12 03:11:30,497 - WARNING - ⚠️ subjectSelect not found — reloading main York site.
2025-12-12 03:11:30,497 - INFO - 🔄 Re-loading main York course site...
2025-12-12 03:11:30,499 - WARNING - ⚠️ Reload attempt 1 failed: Page.goto: Target page, context or browser has been closed
2025-12-12 03:11:30,499 - INFO -    ⏳ Waiting 10s before retry...
2025-12-12 03:11:40,503 - WARNING - ⚠️ Reload attempt 2 failed: Page.goto: Target page, context or browser has been closed
2025-12-12 03:11:40,503 - INFO -    ⏳ Waiting 20s before retry...
2025-12-12 03:12:00,507 - WARNING - ⚠️ Reload attempt 3 failed: Page.goto: Target page, context or browser has been closed
2025-12-12 03:12:00,507 - ERROR - ❌ All reload attempts failed. Continuing with next subject.
2025-12-12 03:12:00,508 - INFO - 
🎓 [138/217] Scraping subject: LASO - Law And Society - ( AP )
2025-12-12 03:12:00,508 - INFO -    🧭 Selecting subject LASO - Law And Society - ( AP ) ...
2025-12-12 03:12:00,510 - WARNING - ⚠️ subjectSelect not found — reloading main York site.
2025-12-12 03:12:00,510 - INFO - 🔄 Re-loading main York course site...
2025-12-12 03:12:00,514 - WARNING - ⚠️ Reload attempt 1 failed: Page.goto: Target page, context or browser has been closed
2025-12-12 03:12:00,514 - INFO -    ⏳ Waiting 10s before retry...
2025-12-12 03:12:10,520 - WARNING - ⚠️ Reload attempt 2 failed: Page.goto: Target page, context or browser has been closed
2025-12-12 03:12:10,520 - INFO -    ⏳ Waiting 20s before retry...
2025-12-12 03:12:30,524 - WARNING - ⚠️ Reload attempt 3 failed: Page.goto: Target page, context or browser has been closed
2025-12-12 03:12:30,525 - ERROR - ❌ All reload attempts failed. Continuing with next subject.
2025-12-12 03:12:30,525 - INFO - 
🎓 [139/217] Scraping subject: LAW - Law - ( ED, GS )
2025-12-12 03:12:30,525 - INFO -    🧭 Selecting subject LAW - Law - ( ED, GS ) ...
2025-12-12 03:12:30,527 - WARNING - ⚠️ subjectSelect not found — reloading main York site.
2025-12-12 03:12:30,528 - INFO - 🔄 Re-loading main York course site...
2025-12-12 03:12:30,531 - WARNING - ⚠️ Reload attempt 1 failed: Page.goto: Target page, context or browser has been closed
2025-12-12 03:12:30,531 - INFO -    ⏳ Waiting 10s before retry...
2025-12-12 03:12:40,535 - WARNING - ⚠️ Reload attempt 2 failed: Page.goto: Target page, context or browser has been closed
2025-12-12 03:12:40,535 - INFO -    ⏳ Waiting 20s before retry...
2025-12-12 03:13:00,539 - WARNING - ⚠️ Reload attempt 3 failed: Page.goto: Target page, context or browser has been closed
2025-12-12 03:13:00,539 - ERROR - ❌ All reload attempts failed. Continuing with next subject.
2025-12-12 03:13:00,540 - INFO - 
🎓 [140/217] Scraping subject: LAWB - Business Law - ( GS )
2025-12-12 03:13:00,540 - INFO -    🧭 Selecting subject LAWB - Business Law - ( GS ) ...
2025-12-12 03:13:00,542 - WARNING - ⚠️ subjectSelect not found — reloading main York site.
2025-12-12 03:13:00,542 - INFO - 🔄 Re-loading main York course site...
2025-12-12 03:13:00,546 - WARNING - ⚠️ Reload attempt 1 failed: Page.goto: Target page, context or browser has been closed
2025-12-12 03:13:00,546 - INFO -    ⏳ Waiting 10s before retry...
2025-12-12 03:13:10,550 - WARNING - ⚠️ Reload attempt 2 failed: Page.goto: Target page, context or browser has been closed
2025-12-12 03:13:10,550 - INFO -    ⏳ Waiting 20s before retry...
2025-12-12 03:13:30,554 - WARNING - ⚠️ Reload attempt 3 failed: Page.goto: Target page, context or browser has been closed
2025-12-12 03:13:30,554 - ERROR - ❌ All reload attempts failed. Continuing with next subject.
2025-12-12 03:13:30,555 - INFO - 
🎓 [141/217] Scraping subject: LAWH - Health Law - ( GS )
2025-12-12 03:13:30,555 - WARNING - ⚠️ Too many errors — cooling down for 10 minutes...
2025-12-12 03:23:30,555 - INFO -    🧭 Selecting subject LAWH - Health Law - ( GS ) ...
2025-12-12 03:23:30,558 - WARNING - ⚠️ subjectSelect not found — reloading main York site.
2025-12-12 03:23:30,558 - INFO - 🔄 Re-loading main York course site...
2025-12-12 03:23:30,562 - WARNING - ⚠️ Reload attempt 1 failed: Page.goto: Target page, context or browser has been closed
2025-12-12 03:23:30,562 - INFO -    ⏳ Waiting 10s before retry...
2025-12-12 03:23:40,566 - WARNING - ⚠️ Reload attempt 2 failed: Page.goto: Target page, context or browser has been closed
2025-12-12 03:23:40,567 - INFO -    ⏳ Waiting 20s before retry...
2025-12-12 03:24:00,570 - WARNING - ⚠️ Reload attempt 3 failed: Page.goto: Target page, context or browser has been closed
2025-12-12 03:24:00,571 - ERROR - ❌ All reload attempts failed. Continuing with next subject.
2025-12-12 03:24:00,571 - INFO - 
🎓 [142/217] Scraping subject: LAWL - Intellectual Property - ( GS )
2025-12-12 03:24:00,571 - INFO -    🧭 Selecting subject LAWL - Intellectual Property - ( GS ) ...
2025-12-12 03:24:00,574 - WARNING - ⚠️ subjectSelect not found — reloading main York site.
2025-12-12 03:24:00,574 - INFO - 🔄 Re-loading main York course site...
2025-12-12 03:24:00,577 - WARNING - ⚠️ Reload attempt 1 failed: Page.goto: Target page, context or browser has been closed
2025-12-12 03:24:00,577 - INFO -    ⏳ Waiting 10s before retry...
2025-12-12 03:24:10,581 - WARNING - ⚠️ Reload attempt 2 failed: Page.goto: Target page, context or browser has been closed
2025-12-12 03:24:10,581 - INFO -    ⏳ Waiting 20s before retry...
2025-12-12 03:24:30,585 - WARNING - ⚠️ Reload attempt 3 failed: Page.goto: Target page, context or browser has been closed
2025-12-12 03:24:30,586 - ERROR - ❌ All reload attempts failed. Continuing with next subject.
2025-12-12 03:24:30,586 - INFO - 
🎓 [143/217] Scraping subject: LIN - Linguistics and Language Studies - ( GL )
2025-12-12 03:24:30,586 - INFO -    🧭 Selecting subject LIN - Linguistics and Language Studies - ( GL ) ...
2025-12-12 03:24:30,589 - WARNING - ⚠️ subjectSelect not found — reloading main York site.
2025-12-12 03:24:30,589 - INFO - 🔄 Re-loading main York course site...
2025-12-12 03:24:30,592 - WARNING - ⚠️ Reload attempt 1 failed: Page.goto: Target page, context or browser has been closed
2025-12-12 03:24:30,592 - INFO -    ⏳ Waiting 10s before retry...
2025-12-12 03:24:40,596 - WARNING - ⚠️ Reload attempt 2 failed: Page.goto: Target page, context or browser has been closed
2025-12-12 03:24:40,596 - INFO -    ⏳ Waiting 20s before retry...
2025-12-12 03:25:00,600 - WARNING - ⚠️ Reload attempt 3 failed: Page.goto: Target page, context or browser has been closed
2025-12-12 03:25:00,600 - ERROR - ❌ All reload attempts failed. Continuing with next subject.
2025-12-12 03:25:00,600 - INFO - 
🎓 [144/217] Scraping subject: LING - Linguistics - ( AP )
2025-12-12 03:25:00,601 - INFO -    🧭 Selecting subject LING - Linguistics - ( AP ) ...
2025-12-12 03:25:00,604 - WARNING - ⚠️ subjectSelect not found — reloading main York site.
2025-12-12 03:25:00,604 - INFO - 🔄 Re-loading main York course site...
2025-12-12 03:25:00,607 - WARNING - ⚠️ Reload attempt 1 failed: Page.goto: Target page, context or browser has been closed
2025-12-12 03:25:00,608 - INFO -    ⏳ Waiting 10s before retry...
2025-12-12 03:25:10,611 - WARNING - ⚠️ Reload attempt 2 failed: Page.goto: Target page, context or browser has been closed
2025-12-12 03:25:10,612 - INFO -    ⏳ Waiting 20s before retry...
2025-12-12 03:25:30,616 - WARNING - ⚠️ Reload attempt 3 failed: Page.goto: Target page, context or browser has been closed
2025-12-12 03:25:30,616 - ERROR - ❌ All reload attempts failed. Continuing with next subject.
2025-12-12 03:25:30,616 - INFO - 
🎓 [145/217] Scraping subject: LLDV - Lang & Literacy Development 1/2 - ( ED )
2025-12-12 03:25:30,616 - INFO -    🧭 Selecting subject LLDV - Lang & Literacy Development 1/2 - ( ED ) ...
2025-12-12 03:25:30,619 - WARNING - ⚠️ subjectSelect not found — reloading main York site.
2025-12-12 03:25:30,619 - INFO - 🔄 Re-loading main York course site...
2025-12-12 03:25:30,622 - WARNING - ⚠️ Reload attempt 1 failed: Page.goto: Target page, context or browser has been closed
2025-12-12 03:25:30,622 - INFO -    ⏳ Waiting 10s before retry...
2025-12-12 03:25:40,626 - WARNING - ⚠️ Reload attempt 2 failed: Page.goto: Target page, context or browser has been closed
2025-12-12 03:25:40,626 - INFO -    ⏳ Waiting 20s before retry...
2025-12-12 03:26:00,630 - WARNING - ⚠️ Reload attempt 3 failed: Page.goto: Target page, context or browser has been closed
2025-12-12 03:26:00,631 - ERROR - ❌ All reload attempts failed. Continuing with next subject.
2025-12-12 03:26:00,631 - INFO - 
🎓 [146/217] Scraping subject: LLS - Language and Learning Seminar - ( AP )
2025-12-12 03:26:00,631 - WARNING - ⚠️ Too many errors — cooling down for 10 minutes...
2025-12-12 03:36:00,631 - INFO -    🧭 Selecting subject LLS - Language and Learning Seminar - ( AP ) ...
2025-12-12 03:36:00,634 - WARNING - ⚠️ subjectSelect not found — reloading main York site.
2025-12-12 03:36:00,634 - INFO - 🔄 Re-loading main York course site...
2025-12-12 03:36:00,638 - WARNING - ⚠️ Reload attempt 1 failed: Page.goto: Target page, context or browser has been closed
2025-12-12 03:36:00,638 - INFO -    ⏳ Waiting 10s before retry...
2025-12-12 03:36:10,643 - WARNING - ⚠️ Reload attempt 2 failed: Page.goto: Target page, context or browser has been closed
2025-12-12 03:36:10,643 - INFO -    ⏳ Waiting 20s before retry...
2025-12-12 03:36:30,647 - WARNING - ⚠️ Reload attempt 3 failed: Page.goto: Target page, context or browser has been closed
2025-12-12 03:36:30,647 - ERROR - ❌ All reload attempts failed. Continuing with next subject.
2025-12-12 03:36:30,647 - INFO - 
🎓 [147/217] Scraping subject: LREL - Labour Relations and Employment Law - ( GS )
2025-12-12 03:36:30,647 - INFO -    🧭 Selecting subject LREL - Labour Relations and Employment Law - ( GS ) ...
2025-12-12 03:36:30,650 - WARNING - ⚠️ subjectSelect not found — reloading main York site.
2025-12-12 03:36:30,650 - INFO - 🔄 Re-loading main York course site...
2025-12-12 03:36:30,653 - WARNING - ⚠️ Reload attempt 1 failed: Page.goto: Target page, context or browser has been closed
2025-12-12 03:36:30,653 - INFO -    ⏳ Waiting 10s before retry...
2025-12-12 03:36:40,657 - WARNING - ⚠️ Reload attempt 2 failed: Page.goto: Target page, context or browser has been closed
2025-12-12 03:36:40,658 - INFO -    ⏳ Waiting 20s before retry...
2025-12-12 03:37:00,661 - WARNING - ⚠️ Reload attempt 3 failed: Page.goto: Target page, context or browser has been closed
2025-12-12 03:37:00,662 - ERROR - ❌ All reload attempts failed. Continuing with next subject.
2025-12-12 03:37:00,662 - INFO - 
🎓 [148/217] Scraping subject: LYON - Lyon - ( GL )
2025-12-12 03:37:00,662 - INFO -    🧭 Selecting subject LYON - Lyon - ( GL ) ...
2025-12-12 03:37:00,665 - WARNING - ⚠️ subjectSelect not found — reloading main York site.
2025-12-12 03:37:00,665 - INFO - 🔄 Re-loading main York course site...
2025-12-12 03:37:00,668 - WARNING - ⚠️ Reload attempt 1 failed: Page.goto: Target page, context or browser has been closed
2025-12-12 03:37:00,668 - INFO -    ⏳ Waiting 10s before retry...
2025-12-12 03:37:10,672 - WARNING - ⚠️ Reload attempt 2 failed: Page.goto: Target page, context or browser has been closed
2025-12-12 03:37:10,672 - INFO -    ⏳ Waiting 20s before retry...
2025-12-12 03:37:30,676 - WARNING - ⚠️ Reload attempt 3 failed: Page.goto: Target page, context or browser has been closed
2025-12-12 03:37:30,676 - ERROR - ❌ All reload attempts failed. Continuing with next subject.
2025-12-12 03:37:30,677 - INFO - 
🎓 [149/217] Scraping subject: MATH - Mathematics and Statistics - ( GS, GL, ED, SC )
2025-12-12 03:37:30,677 - INFO -    🧭 Selecting subject MATH - Mathematics and Statistics - ( GS, GL, ED, SC ) ...
2025-12-12 03:37:30,679 - WARNING - ⚠️ subjectSelect not found — reloading main York site.
2025-12-12 03:37:30,679 - INFO - 🔄 Re-loading main York course site...
2025-12-12 03:37:30,683 - WARNING - ⚠️ Reload attempt 1 failed: Page.goto: Target page, context or browser has been closed
2025-12-12 03:37:30,683 - INFO -    ⏳ Waiting 10s before retry...
2025-12-12 03:37:40,687 - WARNING - ⚠️ Reload attempt 2 failed: Page.goto: Target page, context or browser has been closed
2025-12-12 03:37:40,688 - INFO -    ⏳ Waiting 20s before retry...
2025-12-12 03:38:00,692 - WARNING - ⚠️ Reload attempt 3 failed: Page.goto: Target page, context or browser has been closed
2025-12-12 03:38:00,692 - ERROR - ❌ All reload attempts failed. Continuing with next subject.
2025-12-12 03:38:00,692 - INFO - 
🎓 [150/217] Scraping subject: MBAN - Master of Business Analytics - ( SB )
2025-12-12 03:38:00,692 - INFO -    🧭 Selecting subject MBAN - Master of Business Analytics - ( SB ) ...
2025-12-12 03:38:00,695 - WARNING - ⚠️ subjectSelect not found — reloading main York site.
2025-12-12 03:38:00,695 - INFO - 🔄 Re-loading main York course site...
2025-12-12 03:38:00,698 - WARNING - ⚠️ Reload attempt 1 failed: Page.goto: Target page, context or browser has been closed
2025-12-12 03:38:00,698 - INFO -    ⏳ Waiting 10s before retry...
2025-12-12 03:38:10,702 - WARNING - ⚠️ Reload attempt 2 failed: Page.goto: Target page, context or browser has been closed
2025-12-12 03:38:10,702 - INFO -    ⏳ Waiting 20s before retry...
2025-12-12 03:38:30,706 - WARNING - ⚠️ Reload attempt 3 failed: Page.goto: Target page, context or browser has been closed
2025-12-12 03:38:30,707 - ERROR - ❌ All reload attempts failed. Continuing with next subject.
2025-12-12 03:38:30,707 - INFO - 
🎓 [151/217] Scraping subject: MECH - Mechanical Engineering - ( GS, LE )
2025-12-12 03:38:30,707 - WARNING - ⚠️ Too many errors — cooling down for 10 minutes...
2025-12-12 03:48:30,707 - INFO -    🧭 Selecting subject MECH - Mechanical Engineering - ( GS, LE ) ...
2025-12-12 03:48:30,710 - WARNING - ⚠️ subjectSelect not found — reloading main York site.
2025-12-12 03:48:30,711 - INFO - 🔄 Re-loading main York course site...
2025-12-12 03:48:30,714 - WARNING - ⚠️ Reload attempt 1 failed: Page.goto: Target page, context or browser has been closed
2025-12-12 03:48:30,714 - INFO -    ⏳ Waiting 10s before retry...
2025-12-12 03:48:40,718 - WARNING - ⚠️ Reload attempt 2 failed: Page.goto: Target page, context or browser has been closed
2025-12-12 03:48:40,718 - INFO -    ⏳ Waiting 20s before retry...
2025-12-12 03:49:00,722 - WARNING - ⚠️ Reload attempt 3 failed: Page.goto: Target page, context or browser has been closed
2025-12-12 03:49:00,722 - ERROR - ❌ All reload attempts failed. Continuing with next subject.
2025-12-12 03:49:00,722 - INFO - 
🎓 [152/217] Scraping subject: MFIN - Master of Finance - ( SB )
2025-12-12 03:49:00,722 - INFO -    🧭 Selecting subject MFIN - Master of Finance - ( SB ) ...
2025-12-12 03:49:00,726 - WARNING - ⚠️ subjectSelect not found — reloading main York site.
2025-12-12 03:49:00,726 - INFO - 🔄 Re-loading main York course site...
2025-12-12 03:49:00,729 - WARNING - ⚠️ Reload attempt 1 failed: Page.goto: Target page, context or browser has been closed
2025-12-12 03:49:00,729 - INFO -    ⏳ Waiting 10s before retry...
2025-12-12 03:49:10,733 - WARNING - ⚠️ Reload attempt 2 failed: Page.goto: Target page, context or browser has been closed
2025-12-12 03:49:10,733 - INFO -    ⏳ Waiting 20s before retry...
2025-12-12 03:49:30,737 - WARNING - ⚠️ Reload attempt 3 failed: Page.goto: Target page, context or browser has been closed
2025-12-12 03:49:30,737 - ERROR - ❌ All reload attempts failed. Continuing with next subject.
2025-12-12 03:49:30,738 - INFO - 
🎓 [153/217] Scraping subject: MGMT - Management - ( SB )
2025-12-12 03:49:30,738 - INFO -    🧭 Selecting subject MGMT - Management - ( SB ) ...
2025-12-12 03:49:30,740 - WARNING - ⚠️ subjectSelect not found — reloading main York site.
2025-12-12 03:49:30,741 - INFO - 🔄 Re-loading main York course site...
2025-12-12 03:49:30,744 - WARNING - ⚠️ Reload attempt 1 failed: Page.goto: Target page, context or browser has been closed
2025-12-12 03:49:30,744 - INFO -    ⏳ Waiting 10s before retry...
2025-12-12 03:49:40,748 - WARNING - ⚠️ Reload attempt 2 failed: Page.goto: Target page, context or browser has been closed
2025-12-12 03:49:40,748 - INFO -    ⏳ Waiting 20s before retry...
2025-12-12 03:50:00,752 - WARNING - ⚠️ Reload attempt 3 failed: Page.goto: Target page, context or browser has been closed
2025-12-12 03:50:00,752 - ERROR - ❌ All reload attempts failed. Continuing with next subject.
2025-12-12 03:50:00,752 - INFO - 
🎓 [154/217] Scraping subject: MHIA - Master of Health Industry Administration - ( SB )
2025-12-12 03:50:00,753 - INFO -    🧭 Selecting subject MHIA - Master of Health Industry Administration - ( SB ) ...
2025-12-12 03:50:00,755 - WARNING - ⚠️ subjectSelect not found — reloading main York site.
2025-12-12 03:50:00,755 - INFO - 🔄 Re-loading main York course site...
2025-12-12 03:50:00,759 - WARNING - ⚠️ Reload attempt 1 failed: Page.goto: Target page, context or browser has been closed
2025-12-12 03:50:00,759 - INFO -    ⏳ Waiting 10s before retry...
2025-12-12 03:50:10,763 - WARNING - ⚠️ Reload attempt 2 failed: Page.goto: Target page, context or browser has been closed
2025-12-12 03:50:10,764 - INFO -    ⏳ Waiting 20s before retry...
2025-12-12 03:50:30,767 - WARNING - ⚠️ Reload attempt 3 failed: Page.goto: Target page, context or browser has been closed
2025-12-12 03:50:30,768 - ERROR - ❌ All reload attempts failed. Continuing with next subject.
2025-12-12 03:50:30,768 - INFO - 
🎓 [155/217] Scraping subject: MIST - Multicultural and Indigenous Studies - ( AP )
2025-12-12 03:50:30,768 - INFO -    🧭 Selecting subject MIST - Multicultural and Indigenous Studies - ( AP ) ...
2025-12-12 03:50:30,771 - WARNING - ⚠️ subjectSelect not found — reloading main York site.
2025-12-12 03:50:30,771 - INFO - 🔄 Re-loading main York course site...
2025-12-12 03:50:30,774 - WARNING - ⚠️ Reload attempt 1 failed: Page.goto: Target page, context or browser has been closed
2025-12-12 03:50:30,774 - INFO -    ⏳ Waiting 10s before retry...
2025-12-12 03:50:40,778 - WARNING - ⚠️ Reload attempt 2 failed: Page.goto: Target page, context or browser has been closed
2025-12-12 03:50:40,778 - INFO -    ⏳ Waiting 20s before retry...
2025-12-12 03:51:00,782 - WARNING - ⚠️ Reload attempt 3 failed: Page.goto: Target page, context or browser has been closed
2025-12-12 03:51:00,782 - ERROR - ❌ All reload attempts failed. Continuing with next subject.
2025-12-12 03:51:00,783 - INFO - 
🎓 [156/217] Scraping subject: MKTG - Marketing - ( SB )
2025-12-12 03:51:00,783 - WARNING - ⚠️ Too many errors — cooling down for 10 minutes...
2025-12-12 04:01:00,783 - INFO -    🧭 Selecting subject MKTG - Marketing - ( SB ) ...
2025-12-12 04:01:00,786 - WARNING - ⚠️ subjectSelect not found — reloading main York site.
2025-12-12 04:01:00,786 - INFO - 🔄 Re-loading main York course site...
2025-12-12 04:01:00,790 - WARNING - ⚠️ Reload attempt 1 failed: Page.goto: Target page, context or browser has been closed
2025-12-12 04:01:00,790 - INFO -    ⏳ Waiting 10s before retry...
2025-12-12 04:01:10,794 - WARNING - ⚠️ Reload attempt 2 failed: Page.goto: Target page, context or browser has been closed
2025-12-12 04:01:10,794 - INFO -    ⏳ Waiting 20s before retry...
2025-12-12 04:01:30,798 - WARNING - ⚠️ Reload attempt 3 failed: Page.goto: Target page, context or browser has been closed
2025-12-12 04:01:30,798 - ERROR - ❌ All reload attempts failed. Continuing with next subject.
2025-12-12 04:01:30,798 - INFO - 
🎓 [157/217] Scraping subject: MMAI - Management in Artificial Intelligence - ( SB )
2025-12-12 04:01:30,798 - INFO -    🧭 Selecting subject MMAI - Management in Artificial Intelligence - ( SB ) ...
2025-12-12 04:01:30,801 - WARNING - ⚠️ subjectSelect not found — reloading main York site.
2025-12-12 04:01:30,801 - INFO - 🔄 Re-loading main York course site...
2025-12-12 04:01:30,805 - WARNING - ⚠️ Reload attempt 1 failed: Page.goto: Target page, context or browser has been closed
2025-12-12 04:01:30,805 - INFO -    ⏳ Waiting 10s before retry...
2025-12-12 04:01:40,809 - WARNING - ⚠️ Reload attempt 2 failed: Page.goto: Target page, context or browser has been closed
2025-12-12 04:01:40,809 - INFO -    ⏳ Waiting 20s before retry...
2025-12-12 04:02:00,813 - WARNING - ⚠️ Reload attempt 3 failed: Page.goto: Target page, context or browser has been closed
2025-12-12 04:02:00,813 - ERROR - ❌ All reload attempts failed. Continuing with next subject.
2025-12-12 04:02:00,814 - INFO - 
🎓 [158/217] Scraping subject: MODR - Modes Of Reasoning - ( GL, AP )
2025-12-12 04:02:00,814 - INFO -    🧭 Selecting subject MODR - Modes Of Reasoning - ( GL, AP ) ...
2025-12-12 04:02:00,816 - WARNING - ⚠️ subjectSelect not found — reloading main York site.
2025-12-12 04:02:00,817 - INFO - 🔄 Re-loading main York course site...
2025-12-12 04:02:00,820 - WARNING - ⚠️ Reload attempt 1 failed: Page.goto: Target page, context or browser has been closed
2025-12-12 04:02:00,820 - INFO -    ⏳ Waiting 10s before retry...
2025-12-12 04:02:10,824 - WARNING - ⚠️ Reload attempt 2 failed: Page.goto: Target page, context or browser has been closed
2025-12-12 04:02:10,824 - INFO -    ⏳ Waiting 20s before retry...
2025-12-12 04:02:30,828 - WARNING - ⚠️ Reload attempt 3 failed: Page.goto: Target page, context or browser has been closed
2025-12-12 04:02:30,828 - ERROR - ❌ All reload attempts failed. Continuing with next subject.
2025-12-12 04:02:30,828 - INFO - 
🎓 [159/217] Scraping subject: MSMG - Management Practice - ( GS )
2025-12-12 04:02:30,829 - INFO -    🧭 Selecting subject MSMG - Management Practice - ( GS ) ...
2025-12-12 04:02:30,831 - WARNING - ⚠️ subjectSelect not found — reloading main York site.
2025-12-12 04:02:30,831 - INFO - 🔄 Re-loading main York course site...
2025-12-12 04:02:30,835 - WARNING - ⚠️ Reload attempt 1 failed: Page.goto: Target page, context or browser has been closed
2025-12-12 04:02:30,835 - INFO -    ⏳ Waiting 10s before retry...
2025-12-12 04:02:40,839 - WARNING - ⚠️ Reload attempt 2 failed: Page.goto: Target page, context or browser has been closed
2025-12-12 04:02:40,839 - INFO -    ⏳ Waiting 20s before retry...
2025-12-12 04:03:00,843 - WARNING - ⚠️ Reload attempt 3 failed: Page.goto: Target page, context or browser has been closed
2025-12-12 04:03:00,843 - ERROR - ❌ All reload attempts failed. Continuing with next subject.
2025-12-12 04:03:00,843 - INFO - 
🎓 [160/217] Scraping subject: MSTM- Master of Management - ( SB )
2025-12-12 04:03:00,843 - INFO -    🧭 Selecting subject MSTM- Master of Management - ( SB ) ...
2025-12-12 04:03:00,847 - WARNING - ⚠️ subjectSelect not found — reloading main York site.
2025-12-12 04:03:00,847 - INFO - 🔄 Re-loading main York course site...
2025-12-12 04:03:00,850 - WARNING - ⚠️ Reload attempt 1 failed: Page.goto: Target page, context or browser has been closed
2025-12-12 04:03:00,850 - INFO -    ⏳ Waiting 10s before retry...
2025-12-12 04:03:10,854 - WARNING - ⚠️ Reload attempt 2 failed: Page.goto: Target page, context or browser has been closed
2025-12-12 04:03:10,854 - INFO -    ⏳ Waiting 20s before retry...
2025-12-12 04:03:30,858 - WARNING - ⚠️ Reload attempt 3 failed: Page.goto: Target page, context or browser has been closed
2025-12-12 04:03:30,858 - ERROR - ❌ All reload attempts failed. Continuing with next subject.
2025-12-12 04:03:30,858 - INFO - 
🎓 [161/217] Scraping subject: MUSI - Music - ( ED, FA, GS )
2025-12-12 04:03:30,859 - WARNING - ⚠️ Too many errors — cooling down for 10 minutes...
2025-12-12 04:13:30,859 - INFO -    🧭 Selecting subject MUSI - Music - ( ED, FA, GS ) ...
2025-12-12 04:13:30,860 - WARNING - ⚠️ subjectSelect not found — reloading main York site.
2025-12-12 04:13:30,860 - INFO - 🔄 Re-loading main York course site...
2025-12-12 04:13:30,861 - WARNING - ⚠️ Reload attempt 1 failed: Page.goto: Target page, context or browser has been closed
2025-12-12 04:13:30,861 - INFO -    ⏳ Waiting 10s before retry...
2025-12-12 04:13:40,864 - WARNING - ⚠️ Reload attempt 2 failed: Page.goto: Target page, context or browser has been closed
2025-12-12 04:13:40,864 - INFO -    ⏳ Waiting 20s before retry...
2025-12-12 04:14:00,868 - WARNING - ⚠️ Reload attempt 3 failed: Page.goto: Target page, context or browser has been closed
2025-12-12 04:14:00,869 - ERROR - ❌ All reload attempts failed. Continuing with next subject.
2025-12-12 04:14:00,869 - INFO - 
🎓 [162/217] Scraping subject: NATS - Natural Science - ( SC, GL )
2025-12-12 04:14:00,869 - INFO -    🧭 Selecting subject NATS - Natural Science - ( SC, GL ) ...
2025-12-12 04:14:00,872 - WARNING - ⚠️ subjectSelect not found — reloading main York site.
2025-12-12 04:14:00,872 - INFO - 🔄 Re-loading main York course site...
2025-12-12 04:14:00,875 - WARNING - ⚠️ Reload attempt 1 failed: Page.goto: Target page, context or browser has been closed
2025-12-12 04:14:00,875 - INFO -    ⏳ Waiting 10s before retry...
2025-12-12 04:14:10,880 - WARNING - ⚠️ Reload attempt 2 failed: Page.goto: Target page, context or browser has been closed
2025-12-12 04:14:10,880 - INFO -    ⏳ Waiting 20s before retry...
2025-12-12 04:14:30,884 - WARNING - ⚠️ Reload attempt 3 failed: Page.goto: Target page, context or browser has been closed
2025-12-12 04:14:30,884 - ERROR - ❌ All reload attempts failed. Continuing with next subject.
2025-12-12 04:14:30,884 - INFO - 
🎓 [163/217] Scraping subject: NRSC - Neuroscience - ( SC, HH )
2025-12-12 04:14:30,884 - INFO -    🧭 Selecting subject NRSC - Neuroscience - ( SC, HH ) ...
2025-12-12 04:14:30,887 - WARNING - ⚠️ subjectSelect not found — reloading main York site.
2025-12-12 04:14:30,887 - INFO - 🔄 Re-loading main York course site...
2025-12-12 04:14:30,890 - WARNING - ⚠️ Reload attempt 1 failed: Page.goto: Target page, context or browser has been closed
2025-12-12 04:14:30,891 - INFO -    ⏳ Waiting 10s before retry...
2025-12-12 04:14:40,894 - WARNING - ⚠️ Reload attempt 2 failed: Page.goto: Target page, context or browser has been closed
2025-12-12 04:14:40,894 - INFO -    ⏳ Waiting 20s before retry...
2025-12-12 04:15:00,898 - WARNING - ⚠️ Reload attempt 3 failed: Page.goto: Target page, context or browser has been closed
2025-12-12 04:15:00,898 - ERROR - ❌ All reload attempts failed. Continuing with next subject.
2025-12-12 04:15:00,899 - INFO - 
🎓 [164/217] Scraping subject: NURS - Nursing - ( GS, HH )
2025-12-12 04:15:00,899 - INFO -    🧭 Selecting subject NURS - Nursing - ( GS, HH ) ...
2025-12-12 04:15:00,901 - WARNING - ⚠️ subjectSelect not found — reloading main York site.
2025-12-12 04:15:00,902 - INFO - 🔄 Re-loading main York course site...
2025-12-12 04:15:00,905 - WARNING - ⚠️ Reload attempt 1 failed: Page.goto: Target page, context or browser has been closed
2025-12-12 04:15:00,905 - INFO -    ⏳ Waiting 10s before retry...
2025-12-12 04:15:10,909 - WARNING - ⚠️ Reload attempt 2 failed: Page.goto: Target page, context or browser has been closed
2025-12-12 04:15:10,909 - INFO -    ⏳ Waiting 20s before retry...
2025-12-12 04:15:30,913 - WARNING - ⚠️ Reload attempt 3 failed: Page.goto: Target page, context or browser has been closed
2025-12-12 04:15:30,913 - ERROR - ❌ All reload attempts failed. Continuing with next subject.
2025-12-12 04:15:30,914 - INFO - 
🎓 [165/217] Scraping subject: OMIS - Operations Management and Information Syste - ( SB )
2025-12-12 04:15:30,914 - INFO -    🧭 Selecting subject OMIS - Operations Management and Information Syste - ( SB ) ...
2025-12-12 04:15:30,916 - WARNING - ⚠️ subjectSelect not found — reloading main York site.
2025-12-12 04:15:30,916 - INFO - 🔄 Re-loading main York course site...
2025-12-12 04:15:30,920 - WARNING - ⚠️ Reload attempt 1 failed: Page.goto: Target page, context or browser has been closed
2025-12-12 04:15:30,920 - INFO -    ⏳ Waiting 10s before retry...
2025-12-12 04:15:40,924 - WARNING - ⚠️ Reload attempt 2 failed: Page.goto: Target page, context or browser has been closed
2025-12-12 04:15:40,924 - INFO -    ⏳ Waiting 20s before retry...
2025-12-12 04:16:00,928 - WARNING - ⚠️ Reload attempt 3 failed: Page.goto: Target page, context or browser has been closed
2025-12-12 04:16:00,929 - ERROR - ❌ All reload attempts failed. Continuing with next subject.
2025-12-12 04:16:00,929 - INFO - 
🎓 [166/217] Scraping subject: ORCO - Oral Communication 1/2 - ( ED )
2025-12-12 04:16:00,929 - WARNING - ⚠️ Too many errors — cooling down for 10 minutes...
2025-12-12 04:26:00,929 - INFO -    🧭 Selecting subject ORCO - Oral Communication 1/2 - ( ED ) ...
2025-12-12 04:26:00,932 - WARNING - ⚠️ subjectSelect not found — reloading main York site.
2025-12-12 04:26:00,932 - INFO - 🔄 Re-loading main York course site...
2025-12-12 04:26:00,935 - WARNING - ⚠️ Reload attempt 1 failed: Page.goto: Target page, context or browser has been closed
2025-12-12 04:26:00,936 - INFO -    ⏳ Waiting 10s before retry...
2025-12-12 04:26:10,940 - WARNING - ⚠️ Reload attempt 2 failed: Page.goto: Target page, context or browser has been closed
2025-12-12 04:26:10,940 - INFO -    ⏳ Waiting 20s before retry...
2025-12-12 04:26:30,944 - WARNING - ⚠️ Reload attempt 3 failed: Page.goto: Target page, context or browser has been closed
2025-12-12 04:26:30,944 - ERROR - ❌ All reload attempts failed. Continuing with next subject.
2025-12-12 04:26:30,944 - INFO - 
🎓 [167/217] Scraping subject: ORGS - Organization Studies - ( SB )
2025-12-12 04:26:30,944 - INFO -    🧭 Selecting subject ORGS - Organization Studies - ( SB ) ...
2025-12-12 04:26:30,947 - WARNING - ⚠️ subjectSelect not found — reloading main York site.
2025-12-12 04:26:30,947 - INFO - 🔄 Re-loading main York course site...
2025-12-12 04:26:30,950 - WARNING - ⚠️ Reload attempt 1 failed: Page.goto: Target page, context or browser has been closed
2025-12-12 04:26:30,950 - INFO -    ⏳ Waiting 10s before retry...
2025-12-12 04:26:40,954 - WARNING - ⚠️ Reload attempt 2 failed: Page.goto: Target page, context or browser has been closed
2025-12-12 04:26:40,954 - INFO -    ⏳ Waiting 20s before retry...
2025-12-12 04:27:00,958 - WARNING - ⚠️ Reload attempt 3 failed: Page.goto: Target page, context or browser has been closed
2025-12-12 04:27:00,959 - ERROR - ❌ All reload attempts failed. Continuing with next subject.
2025-12-12 04:27:00,959 - INFO - 
🎓 [168/217] Scraping subject: OVGS - Ont.Visiting Graduate Student - ( GS, SB )
2025-12-12 04:27:00,959 - INFO -    🧭 Selecting subject OVGS - Ont.Visiting Graduate Student - ( GS, SB ) ...
2025-12-12 04:27:00,962 - WARNING - ⚠️ subjectSelect not found — reloading main York site.
2025-12-12 04:27:00,962 - INFO - 🔄 Re-loading main York course site...
2025-12-12 04:27:00,966 - WARNING - ⚠️ Reload attempt 1 failed: Page.goto: Target page, context or browser has been closed
2025-12-12 04:27:00,966 - INFO -    ⏳ Waiting 10s before retry...
2025-12-12 04:27:10,970 - WARNING - ⚠️ Reload attempt 2 failed: Page.goto: Target page, context or browser has been closed
2025-12-12 04:27:10,970 - INFO -    ⏳ Waiting 20s before retry...
2025-12-12 04:27:30,974 - WARNING - ⚠️ Reload attempt 3 failed: Page.goto: Target page, context or browser has been closed
2025-12-12 04:27:30,974 - ERROR - ❌ All reload attempts failed. Continuing with next subject.
2025-12-12 04:27:30,974 - INFO - 
🎓 [169/217] Scraping subject: PACC - Professional Accounting - ( GS )
2025-12-12 04:27:30,974 - INFO -    🧭 Selecting subject PACC - Professional Accounting - ( GS ) ...
2025-12-12 04:27:30,977 - WARNING - ⚠️ subjectSelect not found — reloading main York site.
2025-12-12 04:27:30,977 - INFO - 🔄 Re-loading main York course site...
2025-12-12 04:27:30,980 - WARNING - ⚠️ Reload attempt 1 failed: Page.goto: Target page, context or browser has been closed
2025-12-12 04:27:30,980 - INFO -    ⏳ Waiting 10s before retry...
2025-12-12 04:27:40,984 - WARNING - ⚠️ Reload attempt 2 failed: Page.goto: Target page, context or browser has been closed
2025-12-12 04:27:40,984 - INFO -    ⏳ Waiting 20s before retry...
2025-12-12 04:28:00,988 - WARNING - ⚠️ Reload attempt 3 failed: Page.goto: Target page, context or browser has been closed
2025-12-12 04:28:00,989 - ERROR - ❌ All reload attempts failed. Continuing with next subject.
2025-12-12 04:28:00,989 - INFO - 
🎓 [170/217] Scraping subject: PANF - Pan-Faculty - ( FA, GS )
2025-12-12 04:28:00,989 - INFO -    🧭 Selecting subject PANF - Pan-Faculty - ( FA, GS ) ...
2025-12-12 04:28:00,991 - WARNING - ⚠️ subjectSelect not found — reloading main York site.
2025-12-12 04:28:00,992 - INFO - 🔄 Re-loading main York course site...
2025-12-12 04:28:00,995 - WARNING - ⚠️ Reload attempt 1 failed: Page.goto: Target page, context or browser has been closed
2025-12-12 04:28:00,995 - INFO -    ⏳ Waiting 10s before retry...
2025-12-12 04:28:11,001 - WARNING - ⚠️ Reload attempt 2 failed: Page.goto: Target page, context or browser has been closed
2025-12-12 04:28:11,001 - INFO -    ⏳ Waiting 20s before retry...
2025-12-12 04:28:31,004 - WARNING - ⚠️ Reload attempt 3 failed: Page.goto: Target page, context or browser has been closed
2025-12-12 04:28:31,004 - ERROR - ❌ All reload attempts failed. Continuing with next subject.
2025-12-12 04:28:31,004 - INFO - 
🎓 [171/217] Scraping subject: PCS - Privacy and Cybersecurity - ( GS )
2025-12-12 04:28:31,004 - WARNING - ⚠️ Too many errors — cooling down for 10 minutes...
2025-12-12 04:38:31,004 - INFO -    🧭 Selecting subject PCS - Privacy and Cybersecurity - ( GS ) ...
2025-12-12 04:38:31,006 - WARNING - ⚠️ subjectSelect not found — reloading main York site.
2025-12-12 04:38:31,007 - INFO - 🔄 Re-loading main York course site...
2025-12-12 04:38:31,009 - WARNING - ⚠️ Reload attempt 1 failed: Page.goto: Target page, context or browser has been closed
2025-12-12 04:38:31,009 - INFO -    ⏳ Waiting 10s before retry...
2025-12-12 04:38:41,013 - WARNING - ⚠️ Reload attempt 2 failed: Page.goto: Target page, context or browser has been closed
2025-12-12 04:38:41,013 - INFO -    ⏳ Waiting 20s before retry...
2025-12-12 04:39:01,017 - WARNING - ⚠️ Reload attempt 3 failed: Page.goto: Target page, context or browser has been closed
2025-12-12 04:39:01,017 - ERROR - ❌ All reload attempts failed. Continuing with next subject.
2025-12-12 04:39:01,017 - INFO - 
🎓 [172/217] Scraping subject: PERS - Persian - ( AP )
2025-12-12 04:39:01,017 - INFO -    🧭 Selecting subject PERS - Persian - ( AP ) ...
2025-12-12 04:39:01,020 - WARNING - ⚠️ subjectSelect not found — reloading main York site.
2025-12-12 04:39:01,020 - INFO - 🔄 Re-loading main York course site...
2025-12-12 04:39:01,023 - WARNING - ⚠️ Reload attempt 1 failed: Page.goto: Target page, context or browser has been closed
2025-12-12 04:39:01,024 - INFO -    ⏳ Waiting 10s before retry...
2025-12-12 04:39:11,026 - WARNING - ⚠️ Reload attempt 2 failed: Page.goto: Target page, context or browser has been closed
2025-12-12 04:39:11,026 - INFO -    ⏳ Waiting 20s before retry...
2025-12-12 04:39:31,031 - WARNING - ⚠️ Reload attempt 3 failed: Page.goto: Target page, context or browser has been closed
2025-12-12 04:39:31,031 - ERROR - ❌ All reload attempts failed. Continuing with next subject.
2025-12-12 04:39:31,031 - INFO - 
🎓 [173/217] Scraping subject: PHED - Physical Education - ( ED )
2025-12-12 04:39:31,031 - INFO -    🧭 Selecting subject PHED - Physical Education - ( ED ) ...
2025-12-12 04:39:31,034 - WARNING - ⚠️ subjectSelect not found — reloading main York site.
2025-12-12 04:39:31,034 - INFO - 🔄 Re-loading main York course site...
2025-12-12 04:39:31,038 - WARNING - ⚠️ Reload attempt 1 failed: Page.goto: Target page, context or browser has been closed
2025-12-12 04:39:31,038 - INFO -    ⏳ Waiting 10s before retry...
2025-12-12 04:39:41,040 - WARNING - ⚠️ Reload attempt 2 failed: Page.goto: Target page, context or browser has been closed
2025-12-12 04:39:41,040 - INFO -    ⏳ Waiting 20s before retry...
2025-12-12 04:40:01,044 - WARNING - ⚠️ Reload attempt 3 failed: Page.goto: Target page, context or browser has been closed
2025-12-12 04:40:01,044 - ERROR - ❌ All reload attempts failed. Continuing with next subject.
2025-12-12 04:40:01,044 - INFO - 
🎓 [174/217] Scraping subject: PHIL - Philosophy - ( GS, GL, AP, ED )
2025-12-12 04:40:01,045 - INFO -    🧭 Selecting subject PHIL - Philosophy - ( GS, GL, AP, ED ) ...
2025-12-12 04:40:01,047 - WARNING - ⚠️ subjectSelect not found — reloading main York site.
2025-12-12 04:40:01,047 - INFO - 🔄 Re-loading main York course site...
2025-12-12 04:40:01,051 - WARNING - ⚠️ Reload attempt 1 failed: Page.goto: Target page, context or browser has been closed
2025-12-12 04:40:01,051 - INFO -    ⏳ Waiting 10s before retry...
2025-12-12 04:40:11,052 - WARNING - ⚠️ Reload attempt 2 failed: Page.goto: Target page, context or browser has been closed
2025-12-12 04:40:11,053 - INFO -    ⏳ Waiting 20s before retry...
2025-12-12 04:40:31,056 - WARNING - ⚠️ Reload attempt 3 failed: Page.goto: Target page, context or browser has been closed
2025-12-12 04:40:31,057 - ERROR - ❌ All reload attempts failed. Continuing with next subject.
2025-12-12 04:40:31,057 - INFO - 
🎓 [175/217] Scraping subject: PHYS - Physics and Astronomy - ( GL, SC, ED, GS )
2025-12-12 04:40:31,057 - INFO -    🧭 Selecting subject PHYS - Physics and Astronomy - ( GL, SC, ED, GS ) ...
2025-12-12 04:40:31,059 - WARNING - ⚠️ subjectSelect not found — reloading main York site.
2025-12-12 04:40:31,060 - INFO - 🔄 Re-loading main York course site...
2025-12-12 04:40:31,063 - WARNING - ⚠️ Reload attempt 1 failed: Page.goto: Target page, context or browser has been closed
2025-12-12 04:40:31,063 - INFO -    ⏳ Waiting 10s before retry...
2025-12-12 04:40:41,065 - WARNING - ⚠️ Reload attempt 2 failed: Page.goto: Target page, context or browser has been closed
2025-12-12 04:40:41,065 - INFO -    ⏳ Waiting 20s before retry...
2025-12-12 04:41:01,069 - WARNING - ⚠️ Reload attempt 3 failed: Page.goto: Target page, context or browser has been closed
2025-12-12 04:41:01,069 - ERROR - ❌ All reload attempts failed. Continuing with next subject.
2025-12-12 04:41:01,069 - INFO - 
🎓 [176/217] Scraping subject: PIA - Public and International Affairs - ( GS )
2025-12-12 04:41:01,069 - WARNING - ⚠️ Too many errors — cooling down for 10 minutes...
2025-12-12 04:51:01,070 - INFO -    🧭 Selecting subject PIA - Public and International Affairs - ( GS ) ...
2025-12-12 04:51:01,073 - WARNING - ⚠️ subjectSelect not found — reloading main York site.
2025-12-12 04:51:01,073 - INFO - 🔄 Re-loading main York course site...
2025-12-12 04:51:01,077 - WARNING - ⚠️ Reload attempt 1 failed: Page.goto: Target page, context or browser has been closed
2025-12-12 04:51:01,077 - INFO -    ⏳ Waiting 10s before retry...
2025-12-12 04:51:11,080 - WARNING - ⚠️ Reload attempt 2 failed: Page.goto: Target page, context or browser has been closed
2025-12-12 04:51:11,081 - INFO -    ⏳ Waiting 20s before retry...
2025-12-12 04:51:31,084 - WARNING - ⚠️ Reload attempt 3 failed: Page.goto: Target page, context or browser has been closed
2025-12-12 04:51:31,084 - ERROR - ❌ All reload attempts failed. Continuing with next subject.
2025-12-12 04:51:31,085 - INFO - 
🎓 [177/217] Scraping subject: PKIN - Kinesiology & Health Sc Pract - ( HH )
2025-12-12 04:51:31,085 - INFO -    🧭 Selecting subject PKIN - Kinesiology & Health Sc Pract - ( HH ) ...
2025-12-12 04:51:31,087 - WARNING - ⚠️ subjectSelect not found — reloading main York site.
2025-12-12 04:51:31,087 - INFO - 🔄 Re-loading main York course site...
2025-12-12 04:51:31,090 - WARNING - ⚠️ Reload attempt 1 failed: Page.goto: Target page, context or browser has been closed
2025-12-12 04:51:31,090 - INFO -    ⏳ Waiting 10s before retry...
2025-12-12 04:51:41,094 - WARNING - ⚠️ Reload attempt 2 failed: Page.goto: Target page, context or browser has been closed
2025-12-12 04:51:41,094 - INFO -    ⏳ Waiting 20s before retry...
2025-12-12 04:52:01,098 - WARNING - ⚠️ Reload attempt 3 failed: Page.goto: Target page, context or browser has been closed
2025-12-12 04:52:01,099 - ERROR - ❌ All reload attempts failed. Continuing with next subject.
2025-12-12 04:52:01,099 - INFO - 
🎓 [178/217] Scraping subject: POLS - Political Science - ( GS, AP, GL, ED )
2025-12-12 04:52:01,099 - INFO -    🧭 Selecting subject POLS - Political Science - ( GS, AP, GL, ED ) ...
2025-12-12 04:52:01,102 - WARNING - ⚠️ subjectSelect not found — reloading main York site.
2025-12-12 04:52:01,102 - INFO - 🔄 Re-loading main York course site...
2025-12-12 04:52:01,105 - WARNING - ⚠️ Reload attempt 1 failed: Page.goto: Target page, context or browser has been closed
2025-12-12 04:52:01,105 - INFO -    ⏳ Waiting 10s before retry...
2025-12-12 04:52:11,110 - WARNING - ⚠️ Reload attempt 2 failed: Page.goto: Target page, context or browser has been closed
2025-12-12 04:52:11,110 - INFO -    ⏳ Waiting 20s before retry...
2025-12-12 04:52:31,114 - WARNING - ⚠️ Reload attempt 3 failed: Page.goto: Target page, context or browser has been closed
2025-12-12 04:52:31,114 - ERROR - ❌ All reload attempts failed. Continuing with next subject.
2025-12-12 04:52:31,114 - INFO - 
🎓 [179/217] Scraping subject: POR - Portuguese - ( AP )
2025-12-12 04:52:31,114 - INFO -    🧭 Selecting subject POR - Portuguese - ( AP ) ...
2025-12-12 04:52:31,117 - WARNING - ⚠️ subjectSelect not found — reloading main York site.
2025-12-12 04:52:31,117 - INFO - 🔄 Re-loading main York course site...
2025-12-12 04:52:31,120 - WARNING - ⚠️ Reload attempt 1 failed: Page.goto: Target page, context or browser has been closed
2025-12-12 04:52:31,120 - INFO -    ⏳ Waiting 10s before retry...
2025-12-12 04:52:41,124 - WARNING - ⚠️ Reload attempt 2 failed: Page.goto: Target page, context or browser has been closed
2025-12-12 04:52:41,125 - INFO -    ⏳ Waiting 20s before retry...
2025-12-12 04:53:01,127 - WARNING - ⚠️ Reload attempt 3 failed: Page.goto: Target page, context or browser has been closed
2025-12-12 04:53:01,127 - ERROR - ❌ All reload attempts failed. Continuing with next subject.
2025-12-12 04:53:01,127 - INFO - 
🎓 [180/217] Scraping subject: PPAL - Public Policy Administration & Law - ( GS )
2025-12-12 04:53:01,127 - INFO -    🧭 Selecting subject PPAL - Public Policy Administration & Law - ( GS ) ...
2025-12-12 04:53:01,128 - WARNING - ⚠️ subjectSelect not found — reloading main York site.
2025-12-12 04:53:01,128 - INFO - 🔄 Re-loading main York course site...
2025-12-12 04:53:01,130 - WARNING - ⚠️ Reload attempt 1 failed: Page.goto: Target page, context or browser has been closed
2025-12-12 04:53:01,130 - INFO -    ⏳ Waiting 10s before retry...
2025-12-12 04:53:11,133 - WARNING - ⚠️ Reload attempt 2 failed: Page.goto: Target page, context or browser has been closed
2025-12-12 04:53:11,134 - INFO -    ⏳ Waiting 20s before retry...
2025-12-12 04:53:31,137 - WARNING - ⚠️ Reload attempt 3 failed: Page.goto: Target page, context or browser has been closed
2025-12-12 04:53:31,138 - ERROR - ❌ All reload attempts failed. Continuing with next subject.
2025-12-12 04:53:31,138 - INFO - 
🎓 [181/217] Scraping subject: PPAS - Public Policy and Administration Studies - ( AP )
2025-12-12 04:53:31,138 - WARNING - ⚠️ Too many errors — cooling down for 10 minutes...
2025-12-12 05:03:31,138 - INFO -    🧭 Selecting subject PPAS - Public Policy and Administration Studies - ( AP ) ...
2025-12-12 05:03:31,142 - WARNING - ⚠️ subjectSelect not found — reloading main York site.
2025-12-12 05:03:31,142 - INFO - 🔄 Re-loading main York course site...
2025-12-12 05:03:31,146 - WARNING - ⚠️ Reload attempt 1 failed: Page.goto: Target page, context or browser has been closed
2025-12-12 05:03:31,146 - INFO -    ⏳ Waiting 10s before retry...
2025-12-12 05:03:41,148 - WARNING - ⚠️ Reload attempt 2 failed: Page.goto: Target page, context or browser has been closed
2025-12-12 05:03:41,148 - INFO -    ⏳ Waiting 20s before retry...
2025-12-12 05:04:01,152 - WARNING - ⚠️ Reload attempt 3 failed: Page.goto: Target page, context or browser has been closed
2025-12-12 05:04:01,152 - ERROR - ❌ All reload attempts failed. Continuing with next subject.
2025-12-12 05:04:01,153 - INFO - 
🎓 [182/217] Scraping subject: PROP - Real Property - ( SB )
2025-12-12 05:04:01,153 - INFO -    🧭 Selecting subject PROP - Real Property - ( SB ) ...
2025-12-12 05:04:01,155 - WARNING - ⚠️ subjectSelect not found — reloading main York site.
2025-12-12 05:04:01,155 - INFO - 🔄 Re-loading main York course site...
2025-12-12 05:04:01,159 - WARNING - ⚠️ Reload attempt 1 failed: Page.goto: Target page, context or browser has been closed
2025-12-12 05:04:01,159 - INFO -    ⏳ Waiting 10s before retry...
2025-12-12 05:04:11,163 - WARNING - ⚠️ Reload attempt 2 failed: Page.goto: Target page, context or browser has been closed
2025-12-12 05:04:11,163 - INFO -    ⏳ Waiting 20s before retry...
2025-12-12 05:04:31,167 - WARNING - ⚠️ Reload attempt 3 failed: Page.goto: Target page, context or browser has been closed
2025-12-12 05:04:31,167 - ERROR - ❌ All reload attempts failed. Continuing with next subject.
2025-12-12 05:04:31,167 - INFO - 
🎓 [183/217] Scraping subject: PRWR - Professional Writing - ( AP )
2025-12-12 05:04:31,167 - INFO -    🧭 Selecting subject PRWR - Professional Writing - ( AP ) ...
2025-12-12 05:04:31,170 - WARNING - ⚠️ subjectSelect not found — reloading main York site.
2025-12-12 05:04:31,170 - INFO - 🔄 Re-loading main York course site...
2025-12-12 05:04:31,173 - WARNING - ⚠️ Reload attempt 1 failed: Page.goto: Target page, context or browser has been closed
2025-12-12 05:04:31,174 - INFO -    ⏳ Waiting 10s before retry...
2025-12-12 05:04:41,178 - WARNING - ⚠️ Reload attempt 2 failed: Page.goto: Target page, context or browser has been closed
2025-12-12 05:04:41,178 - INFO -    ⏳ Waiting 20s before retry...
2025-12-12 05:05:01,181 - WARNING - ⚠️ Reload attempt 3 failed: Page.goto: Target page, context or browser has been closed
2025-12-12 05:05:01,181 - ERROR - ❌ All reload attempts failed. Continuing with next subject.
2025-12-12 05:05:01,182 - INFO - 
🎓 [184/217] Scraping subject: PSYC - Psychology - ( GS, HH, GL )
2025-12-12 05:05:01,182 - INFO -    🧭 Selecting subject PSYC - Psychology - ( GS, HH, GL ) ...
2025-12-12 05:05:01,185 - WARNING - ⚠️ subjectSelect not found — reloading main York site.
2025-12-12 05:05:01,185 - INFO - 🔄 Re-loading main York course site...
2025-12-12 05:05:01,188 - WARNING - ⚠️ Reload attempt 1 failed: Page.goto: Target page, context or browser has been closed
2025-12-12 05:05:01,188 - INFO -    ⏳ Waiting 10s before retry...
2025-12-12 05:05:11,192 - WARNING - ⚠️ Reload attempt 2 failed: Page.goto: Target page, context or browser has been closed
2025-12-12 05:05:11,192 - INFO -    ⏳ Waiting 20s before retry...
2025-12-12 05:05:31,196 - WARNING - ⚠️ Reload attempt 3 failed: Page.goto: Target page, context or browser has been closed
2025-12-12 05:05:31,196 - ERROR - ❌ All reload attempts failed. Continuing with next subject.
2025-12-12 05:05:31,196 - INFO - 
🎓 [185/217] Scraping subject: RELS - Religious Studies - ( ED )
2025-12-12 05:05:31,196 - INFO -    🧭 Selecting subject RELS - Religious Studies - ( ED ) ...
2025-12-12 05:05:31,199 - WARNING - ⚠️ subjectSelect not found — reloading main York site.
2025-12-12 05:05:31,199 - INFO - 🔄 Re-loading main York course site...
2025-12-12 05:05:31,202 - WARNING - ⚠️ Reload attempt 1 failed: Page.goto: Target page, context or browser has been closed
2025-12-12 05:05:31,203 - INFO -    ⏳ Waiting 10s before retry...
2025-12-12 05:05:41,207 - WARNING - ⚠️ Reload attempt 2 failed: Page.goto: Target page, context or browser has been closed
2025-12-12 05:05:41,207 - INFO -    ⏳ Waiting 20s before retry...
2025-12-12 05:06:01,211 - WARNING - ⚠️ Reload attempt 3 failed: Page.goto: Target page, context or browser has been closed
2025-12-12 05:06:01,211 - ERROR - ❌ All reload attempts failed. Continuing with next subject.
2025-12-12 05:06:01,211 - INFO - 
🎓 [186/217] Scraping subject: RLST - Religious Studies - ( AP )
2025-12-12 05:06:01,211 - WARNING - ⚠️ Too many errors — cooling down for 10 minutes...
2025-12-12 05:16:01,211 - INFO -    🧭 Selecting subject RLST - Religious Studies - ( AP ) ...
2025-12-12 05:16:01,214 - WARNING - ⚠️ subjectSelect not found — reloading main York site.
2025-12-12 05:16:01,215 - INFO - 🔄 Re-loading main York course site...
2025-12-12 05:16:01,218 - WARNING - ⚠️ Reload attempt 1 failed: Page.goto: Target page, context or browser has been closed
2025-12-12 05:16:01,218 - INFO -    ⏳ Waiting 10s before retry...
2025-12-12 05:16:11,222 - WARNING - ⚠️ Reload attempt 2 failed: Page.goto: Target page, context or browser has been closed
2025-12-12 05:16:11,223 - INFO -    ⏳ Waiting 20s before retry...
2025-12-12 05:16:31,227 - WARNING - ⚠️ Reload attempt 3 failed: Page.goto: Target page, context or browser has been closed
2025-12-12 05:16:31,227 - ERROR - ❌ All reload attempts failed. Continuing with next subject.
2025-12-12 05:16:31,227 - INFO - 
🎓 [187/217] Scraping subject: SCIE - Science - ( ED )
2025-12-12 05:16:31,227 - INFO -    🧭 Selecting subject SCIE - Science - ( ED ) ...
2025-12-12 05:16:31,230 - WARNING - ⚠️ subjectSelect not found — reloading main York site.
2025-12-12 05:16:31,230 - INFO - 🔄 Re-loading main York course site...
2025-12-12 05:16:31,233 - WARNING - ⚠️ Reload attempt 1 failed: Page.goto: Target page, context or browser has been closed
2025-12-12 05:16:31,233 - INFO -    ⏳ Waiting 10s before retry...
2025-12-12 05:16:41,237 - WARNING - ⚠️ Reload attempt 2 failed: Page.goto: Target page, context or browser has been closed
2025-12-12 05:16:41,237 - INFO -    ⏳ Waiting 20s before retry...
2025-12-12 05:17:01,241 - WARNING - ⚠️ Reload attempt 3 failed: Page.goto: Target page, context or browser has been closed
2025-12-12 05:17:01,242 - ERROR - ❌ All reload attempts failed. Continuing with next subject.
2025-12-12 05:17:01,242 - INFO - 
🎓 [188/217] Scraping subject: SELA - Securities Law - ( GS )
2025-12-12 05:17:01,242 - INFO -    🧭 Selecting subject SELA - Securities Law - ( GS ) ...
2025-12-12 05:17:01,244 - WARNING - ⚠️ subjectSelect not found — reloading main York site.
2025-12-12 05:17:01,245 - INFO - 🔄 Re-loading main York course site...
2025-12-12 05:17:01,248 - WARNING - ⚠️ Reload attempt 1 failed: Page.goto: Target page, context or browser has been closed
2025-12-12 05:17:01,248 - INFO -    ⏳ Waiting 10s before retry...
2025-12-12 05:17:11,252 - WARNING - ⚠️ Reload attempt 2 failed: Page.goto: Target page, context or browser has been closed
2025-12-12 05:17:11,252 - INFO -    ⏳ Waiting 20s before retry...
2025-12-12 05:17:31,256 - WARNING - ⚠️ Reload attempt 3 failed: Page.goto: Target page, context or browser has been closed
2025-12-12 05:17:31,256 - ERROR - ❌ All reload attempts failed. Continuing with next subject.
2025-12-12 05:17:31,256 - INFO - 
🎓 [189/217] Scraping subject: SENE - Seneca - ( SC )
2025-12-12 05:17:31,257 - INFO -    🧭 Selecting subject SENE - Seneca - ( SC ) ...
2025-12-12 05:17:31,259 - WARNING - ⚠️ subjectSelect not found — reloading main York site.
2025-12-12 05:17:31,259 - INFO - 🔄 Re-loading main York course site...
2025-12-12 05:17:31,263 - WARNING - ⚠️ Reload attempt 1 failed: Page.goto: Target page, context or browser has been closed
2025-12-12 05:17:31,263 - INFO -    ⏳ Waiting 10s before retry...
2025-12-12 05:17:41,267 - WARNING - ⚠️ Reload attempt 2 failed: Page.goto: Target page, context or browser has been closed
2025-12-12 05:17:41,268 - INFO -    ⏳ Waiting 20s before retry...
2025-12-12 05:18:01,271 - WARNING - ⚠️ Reload attempt 3 failed: Page.goto: Target page, context or browser has been closed
2025-12-12 05:18:01,272 - ERROR - ❌ All reload attempts failed. Continuing with next subject.
2025-12-12 05:18:01,272 - INFO - 
🎓 [190/217] Scraping subject: SGMT - Strategic Management - ( SB )
2025-12-12 05:18:01,272 - INFO -    🧭 Selecting subject SGMT - Strategic Management - ( SB ) ...
2025-12-12 05:18:01,275 - WARNING - ⚠️ subjectSelect not found — reloading main York site.
2025-12-12 05:18:01,275 - INFO - 🔄 Re-loading main York course site...
2025-12-12 05:18:01,278 - WARNING - ⚠️ Reload attempt 1 failed: Page.goto: Target page, context or browser has been closed
2025-12-12 05:18:01,278 - INFO -    ⏳ Waiting 10s before retry...
2025-12-12 05:18:11,282 - WARNING - ⚠️ Reload attempt 2 failed: Page.goto: Target page, context or browser has been closed
2025-12-12 05:18:11,282 - INFO -    ⏳ Waiting 20s before retry...
2025-12-12 05:18:31,286 - WARNING - ⚠️ Reload attempt 3 failed: Page.goto: Target page, context or browser has been closed
2025-12-12 05:18:31,286 - ERROR - ❌ All reload attempts failed. Continuing with next subject.
2025-12-12 05:18:31,287 - INFO - 
🎓 [191/217] Scraping subject: SLGS - Sign Language Studies 1/2/3 - ( ED )
2025-12-12 05:18:31,287 - WARNING - ⚠️ Too many errors — cooling down for 10 minutes...
2025-12-12 05:28:31,287 - INFO -    🧭 Selecting subject SLGS - Sign Language Studies 1/2/3 - ( ED ) ...
2025-12-12 05:28:31,289 - WARNING - ⚠️ subjectSelect not found — reloading main York site.
2025-12-12 05:28:31,289 - INFO - 🔄 Re-loading main York course site...
2025-12-12 05:28:31,290 - WARNING - ⚠️ Reload attempt 1 failed: Page.goto: Target page, context or browser has been closed
2025-12-12 05:28:31,290 - INFO -    ⏳ Waiting 10s before retry...
2025-12-12 05:28:41,294 - WARNING - ⚠️ Reload attempt 2 failed: Page.goto: Target page, context or browser has been closed
2025-12-12 05:28:41,294 - INFO -    ⏳ Waiting 20s before retry...
2025-12-12 05:29:01,298 - WARNING - ⚠️ Reload attempt 3 failed: Page.goto: Target page, context or browser has been closed
2025-12-12 05:29:01,298 - ERROR - ❌ All reload attempts failed. Continuing with next subject.
2025-12-12 05:29:01,298 - INFO - 
🎓 [192/217] Scraping subject: SLST - Socio-Legal Studies - ( GS )
2025-12-12 05:29:01,298 - INFO -    🧭 Selecting subject SLST - Socio-Legal Studies - ( GS ) ...
2025-12-12 05:29:01,302 - WARNING - ⚠️ subjectSelect not found — reloading main York site.
2025-12-12 05:29:01,302 - INFO - 🔄 Re-loading main York course site...
2025-12-12 05:29:01,305 - WARNING - ⚠️ Reload attempt 1 failed: Page.goto: Target page, context or browser has been closed
2025-12-12 05:29:01,305 - INFO -    ⏳ Waiting 10s before retry...
2025-12-12 05:29:11,307 - WARNING - ⚠️ Reload attempt 2 failed: Page.goto: Target page, context or browser has been closed
2025-12-12 05:29:11,307 - INFO -    ⏳ Waiting 20s before retry...
2025-12-12 05:29:31,310 - WARNING - ⚠️ Reload attempt 3 failed: Page.goto: Target page, context or browser has been closed
2025-12-12 05:29:31,310 - ERROR - ❌ All reload attempts failed. Continuing with next subject.
2025-12-12 05:29:31,310 - INFO - 
🎓 [193/217] Scraping subject: SOCI - Sociology - ( GL, GS, AP )
2025-12-12 05:29:31,310 - INFO -    🧭 Selecting subject SOCI - Sociology - ( GL, GS, AP ) ...
2025-12-12 05:29:31,313 - WARNING - ⚠️ subjectSelect not found — reloading main York site.
2025-12-12 05:29:31,313 - INFO - 🔄 Re-loading main York course site...
2025-12-12 05:29:31,315 - WARNING - ⚠️ Reload attempt 1 failed: Page.goto: Target page, context or browser has been closed
2025-12-12 05:29:31,316 - INFO -    ⏳ Waiting 10s before retry...
2025-12-12 05:29:41,318 - WARNING - ⚠️ Reload attempt 2 failed: Page.goto: Target page, context or browser has been closed
2025-12-12 05:29:41,319 - INFO -    ⏳ Waiting 20s before retry...
2025-12-12 05:30:01,320 - WARNING - ⚠️ Reload attempt 3 failed: Page.goto: Target page, context or browser has been closed
2025-12-12 05:30:01,320 - ERROR - ❌ All reload attempts failed. Continuing with next subject.
2025-12-12 05:30:01,320 - INFO - 
🎓 [194/217] Scraping subject: SOSC - Social Science - ( GL, AP, ED )
2025-12-12 05:30:01,321 - INFO -    🧭 Selecting subject SOSC - Social Science - ( GL, AP, ED ) ...
2025-12-12 05:30:01,322 - WARNING - ⚠️ subjectSelect not found — reloading main York site.
2025-12-12 05:30:01,322 - INFO - 🔄 Re-loading main York course site...
2025-12-12 05:30:01,323 - WARNING - ⚠️ Reload attempt 1 failed: Page.goto: Target page, context or browser has been closed
2025-12-12 05:30:01,323 - INFO -    ⏳ Waiting 10s before retry...
2025-12-12 05:30:11,325 - WARNING - ⚠️ Reload attempt 2 failed: Page.goto: Target page, context or browser has been closed
2025-12-12 05:30:11,325 - INFO -    ⏳ Waiting 20s before retry...
2025-12-12 05:30:31,329 - WARNING - ⚠️ Reload attempt 3 failed: Page.goto: Target page, context or browser has been closed
2025-12-12 05:30:31,329 - ERROR - ❌ All reload attempts failed. Continuing with next subject.
2025-12-12 05:30:31,329 - INFO - 
🎓 [195/217] Scraping subject: SOWK - Social Work - ( AP, GS )
2025-12-12 05:30:31,329 - INFO -    🧭 Selecting subject SOWK - Social Work - ( AP, GS ) ...
2025-12-12 05:30:31,332 - WARNING - ⚠️ subjectSelect not found — reloading main York site.
2025-12-12 05:30:31,332 - INFO - 🔄 Re-loading main York course site...
2025-12-12 05:30:31,335 - WARNING - ⚠️ Reload attempt 1 failed: Page.goto: Target page, context or browser has been closed
2025-12-12 05:30:31,336 - INFO -    ⏳ Waiting 10s before retry...
2025-12-12 05:30:41,339 - WARNING - ⚠️ Reload attempt 2 failed: Page.goto: Target page, context or browser has been closed
2025-12-12 05:30:41,340 - INFO -    ⏳ Waiting 20s before retry...
2025-12-12 05:31:01,344 - WARNING - ⚠️ Reload attempt 3 failed: Page.goto: Target page, context or browser has been closed
2025-12-12 05:31:01,344 - ERROR - ❌ All reload attempts failed. Continuing with next subject.
2025-12-12 05:31:01,344 - INFO - 
🎓 [196/217] Scraping subject: SP - Spanish - ( GL, AP )
2025-12-12 05:31:01,344 - WARNING - ⚠️ Too many errors — cooling down for 10 minutes...
2025-12-12 05:41:01,345 - INFO -    🧭 Selecting subject SP - Spanish - ( GL, AP ) ...
2025-12-12 05:41:01,348 - WARNING - ⚠️ subjectSelect not found — reloading main York site.
2025-12-12 05:41:01,348 - INFO - 🔄 Re-loading main York course site...
2025-12-12 05:41:01,352 - WARNING - ⚠️ Reload attempt 1 failed: Page.goto: Target page, context or browser has been closed
2025-12-12 05:41:01,352 - INFO -    ⏳ Waiting 10s before retry...
2025-12-12 05:41:11,356 - WARNING - ⚠️ Reload attempt 2 failed: Page.goto: Target page, context or browser has been closed
2025-12-12 05:41:11,356 - INFO -    ⏳ Waiting 20s before retry...
2025-12-12 05:41:31,360 - WARNING - ⚠️ Reload attempt 3 failed: Page.goto: Target page, context or browser has been closed
2025-12-12 05:41:31,360 - ERROR - ❌ All reload attempts failed. Continuing with next subject.
2025-12-12 05:41:31,360 - INFO - 
🎓 [197/217] Scraping subject: SPRT - Sport Management - ( AP )
2025-12-12 05:41:31,360 - INFO -    🧭 Selecting subject SPRT - Sport Management - ( AP ) ...
2025-12-12 05:41:31,363 - WARNING - ⚠️ subjectSelect not found — reloading main York site.
2025-12-12 05:41:31,363 - INFO - 🔄 Re-loading main York course site...
2025-12-12 05:41:31,367 - WARNING - ⚠️ Reload attempt 1 failed: Page.goto: Target page, context or browser has been closed
2025-12-12 05:41:31,367 - INFO -    ⏳ Waiting 10s before retry...
2025-12-12 05:41:41,371 - WARNING - ⚠️ Reload attempt 2 failed: Page.goto: Target page, context or browser has been closed
2025-12-12 05:41:41,372 - INFO -    ⏳ Waiting 20s before retry...
2025-12-12 05:42:01,376 - WARNING - ⚠️ Reload attempt 3 failed: Page.goto: Target page, context or browser has been closed
2025-12-12 05:42:01,376 - ERROR - ❌ All reload attempts failed. Continuing with next subject.
2025-12-12 05:42:01,376 - INFO - 
🎓 [198/217] Scraping subject: SPTH - Social & Political Thought - ( GS )
2025-12-12 05:42:01,376 - INFO -    🧭 Selecting subject SPTH - Social & Political Thought - ( GS ) ...
2025-12-12 05:42:01,379 - WARNING - ⚠️ subjectSelect not found — reloading main York site.
2025-12-12 05:42:01,379 - INFO - 🔄 Re-loading main York course site...
2025-12-12 05:42:01,382 - WARNING - ⚠️ Reload attempt 1 failed: Page.goto: Target page, context or browser has been closed
2025-12-12 05:42:01,382 - INFO -    ⏳ Waiting 10s before retry...
2025-12-12 05:42:11,386 - WARNING - ⚠️ Reload attempt 2 failed: Page.goto: Target page, context or browser has been closed
2025-12-12 05:42:11,386 - INFO -    ⏳ Waiting 20s before retry...
2025-12-12 05:42:31,390 - WARNING - ⚠️ Reload attempt 3 failed: Page.goto: Target page, context or browser has been closed
2025-12-12 05:42:31,391 - ERROR - ❌ All reload attempts failed. Continuing with next subject.
2025-12-12 05:42:31,391 - INFO - 
🎓 [199/217] Scraping subject: STS - Science and Technology Studies - ( GS, SC )
2025-12-12 05:42:31,391 - INFO -    🧭 Selecting subject STS - Science and Technology Studies - ( GS, SC ) ...
2025-12-12 05:42:31,394 - WARNING - ⚠️ subjectSelect not found — reloading main York site.
2025-12-12 05:42:31,394 - INFO - 🔄 Re-loading main York course site...
2025-12-12 05:42:31,397 - WARNING - ⚠️ Reload attempt 1 failed: Page.goto: Target page, context or browser has been closed
2025-12-12 05:42:31,397 - INFO -    ⏳ Waiting 10s before retry...
2025-12-12 05:42:41,401 - WARNING - ⚠️ Reload attempt 2 failed: Page.goto: Target page, context or browser has been closed
2025-12-12 05:42:41,401 - INFO -    ⏳ Waiting 20s before retry...
2025-12-12 05:43:01,405 - WARNING - ⚠️ Reload attempt 3 failed: Page.goto: Target page, context or browser has been closed
2025-12-12 05:43:01,405 - ERROR - ❌ All reload attempts failed. Continuing with next subject.
2025-12-12 05:43:01,405 - INFO - 
🎓 [200/217] Scraping subject: SUST - Sustainability - ( SB )
2025-12-12 05:43:01,406 - INFO -    🧭 Selecting subject SUST - Sustainability - ( SB ) ...
2025-12-12 05:43:01,409 - WARNING - ⚠️ subjectSelect not found — reloading main York site.
2025-12-12 05:43:01,409 - INFO - 🔄 Re-loading main York course site...
2025-12-12 05:43:01,412 - WARNING - ⚠️ Reload attempt 1 failed: Page.goto: Target page, context or browser has been closed
2025-12-12 05:43:01,412 - INFO -    ⏳ Waiting 10s before retry...
2025-12-12 05:43:11,416 - WARNING - ⚠️ Reload attempt 2 failed: Page.goto: Target page, context or browser has been closed
2025-12-12 05:43:11,417 - INFO -    ⏳ Waiting 20s before retry...
2025-12-12 05:43:31,420 - WARNING - ⚠️ Reload attempt 3 failed: Page.goto: Target page, context or browser has been closed
2025-12-12 05:43:31,421 - ERROR - ❌ All reload attempts failed. Continuing with next subject.
2025-12-12 05:43:31,421 - INFO - 
🎓 [201/217] Scraping subject: SWAH - Swahili - ( AP )
2025-12-12 05:43:31,421 - WARNING - ⚠️ Too many errors — cooling down for 10 minutes...
2025-12-12 05:53:31,421 - INFO -    🧭 Selecting subject SWAH - Swahili - ( AP ) ...
2025-12-12 05:53:31,425 - WARNING - ⚠️ subjectSelect not found — reloading main York site.
2025-12-12 05:53:31,425 - INFO - 🔄 Re-loading main York course site...
2025-12-12 05:53:31,428 - WARNING - ⚠️ Reload attempt 1 failed: Page.goto: Target page, context or browser has been closed
2025-12-12 05:53:31,428 - INFO -    ⏳ Waiting 10s before retry...
2025-12-12 05:53:41,432 - WARNING - ⚠️ Reload attempt 2 failed: Page.goto: Target page, context or browser has been closed
2025-12-12 05:53:41,432 - INFO -    ⏳ Waiting 20s before retry...
2025-12-12 05:54:01,436 - WARNING - ⚠️ Reload attempt 3 failed: Page.goto: Target page, context or browser has been closed
2025-12-12 05:54:01,436 - ERROR - ❌ All reload attempts failed. Continuing with next subject.
2025-12-12 05:54:01,437 - INFO - 
🎓 [202/217] Scraping subject: SXST - Sexuality Studies - ( AP, GL )
2025-12-12 05:54:01,437 - INFO -    🧭 Selecting subject SXST - Sexuality Studies - ( AP, GL ) ...
2025-12-12 05:54:01,439 - WARNING - ⚠️ subjectSelect not found — reloading main York site.
2025-12-12 05:54:01,440 - INFO - 🔄 Re-loading main York course site...
2025-12-12 05:54:01,441 - WARNING - ⚠️ Reload attempt 1 failed: Page.goto: Target page, context or browser has been closed
2025-12-12 05:54:01,441 - INFO -    ⏳ Waiting 10s before retry...
2025-12-12 05:54:11,447 - WARNING - ⚠️ Reload attempt 2 failed: Page.goto: Target page, context or browser has been closed
2025-12-12 05:54:11,447 - INFO -    ⏳ Waiting 20s before retry...
2025-12-12 05:54:31,451 - WARNING - ⚠️ Reload attempt 3 failed: Page.goto: Target page, context or browser has been closed
2025-12-12 05:54:31,452 - ERROR - ❌ All reload attempts failed. Continuing with next subject.
2025-12-12 05:54:31,452 - INFO - 
🎓 [203/217] Scraping subject: TECH - Technological Education - ( ED )
2025-12-12 05:54:31,452 - INFO -    🧭 Selecting subject TECH - Technological Education - ( ED ) ...
2025-12-12 05:54:31,455 - WARNING - ⚠️ subjectSelect not found — reloading main York site.
2025-12-12 05:54:31,455 - INFO - 🔄 Re-loading main York course site...
2025-12-12 05:54:31,458 - WARNING - ⚠️ Reload attempt 1 failed: Page.goto: Target page, context or browser has been closed
2025-12-12 05:54:31,458 - INFO -    ⏳ Waiting 10s before retry...
2025-12-12 05:54:41,462 - WARNING - ⚠️ Reload attempt 2 failed: Page.goto: Target page, context or browser has been closed
2025-12-12 05:54:41,462 - INFO -    ⏳ Waiting 20s before retry...
2025-12-12 05:55:01,466 - WARNING - ⚠️ Reload attempt 3 failed: Page.goto: Target page, context or browser has been closed
2025-12-12 05:55:01,466 - ERROR - ❌ All reload attempts failed. Continuing with next subject.
2025-12-12 05:55:01,467 - INFO - 
🎓 [204/217] Scraping subject: TECL - Technology at Lassonde - ( LE )
2025-12-12 05:55:01,467 - INFO -    🧭 Selecting subject TECL - Technology at Lassonde - ( LE ) ...
2025-12-12 05:55:01,469 - WARNING - ⚠️ subjectSelect not found — reloading main York site.
2025-12-12 05:55:01,469 - INFO - 🔄 Re-loading main York course site...
2025-12-12 05:55:01,472 - WARNING - ⚠️ Reload attempt 1 failed: Page.goto: Target page, context or browser has been closed
2025-12-12 05:55:01,473 - INFO -    ⏳ Waiting 10s before retry...
2025-12-12 05:55:11,476 - WARNING - ⚠️ Reload attempt 2 failed: Page.goto: Target page, context or browser has been closed
2025-12-12 05:55:11,477 - INFO -    ⏳ Waiting 20s before retry...
2025-12-12 05:55:31,483 - WARNING - ⚠️ Reload attempt 3 failed: Page.goto: Target page, context or browser has been closed
2025-12-12 05:55:31,483 - ERROR - ❌ All reload attempts failed. Continuing with next subject.
2025-12-12 05:55:31,484 - INFO - 
🎓 [205/217] Scraping subject: TESL - Teaching English to Speakers of Other Lang - ( AP )
2025-12-12 05:55:31,484 - INFO -    🧭 Selecting subject TESL - Teaching English to Speakers of Other Lang - ( AP ) ...
2025-12-12 05:55:31,486 - WARNING - ⚠️ subjectSelect not found — reloading main York site.
2025-12-12 05:55:31,486 - INFO - 🔄 Re-loading main York course site...
2025-12-12 05:55:31,503 - WARNING - ⚠️ Reload attempt 1 failed: Page.goto: Target page, context or browser has been closed
2025-12-12 05:55:31,503 - INFO -    ⏳ Waiting 10s before retry...
2025-12-12 05:55:41,507 - WARNING - ⚠️ Reload attempt 2 failed: Page.goto: Target page, context or browser has been closed
2025-12-12 05:55:41,507 - INFO -    ⏳ Waiting 20s before retry...
2025-12-12 05:56:01,511 - WARNING - ⚠️ Reload attempt 3 failed: Page.goto: Target page, context or browser has been closed
2025-12-12 05:56:01,511 - ERROR - ❌ All reload attempts failed. Continuing with next subject.
2025-12-12 05:56:01,511 - INFO - 
🎓 [206/217] Scraping subject: THEA - Theatre - ( GS, FA )
2025-12-12 05:56:01,511 - WARNING - ⚠️ Too many errors — cooling down for 10 minutes...
2025-12-12 06:06:01,512 - INFO -    🧭 Selecting subject THEA - Theatre - ( GS, FA ) ...
2025-12-12 06:06:01,515 - WARNING - ⚠️ subjectSelect not found — reloading main York site.
2025-12-12 06:06:01,515 - INFO - 🔄 Re-loading main York course site...
2025-12-12 06:06:01,518 - WARNING - ⚠️ Reload attempt 1 failed: Page.goto: Target page, context or browser has been closed
2025-12-12 06:06:01,518 - INFO -    ⏳ Waiting 10s before retry...
2025-12-12 06:06:11,522 - WARNING - ⚠️ Reload attempt 2 failed: Page.goto: Target page, context or browser has been closed
2025-12-12 06:06:11,522 - INFO -    ⏳ Waiting 20s before retry...
2025-12-12 06:06:31,526 - WARNING - ⚠️ Reload attempt 3 failed: Page.goto: Target page, context or browser has been closed
2025-12-12 06:06:31,527 - ERROR - ❌ All reload attempts failed. Continuing with next subject.
2025-12-12 06:06:31,527 - INFO - 
🎓 [207/217] Scraping subject: THST - Theatre Studies - ( GS )
2025-12-12 06:06:31,527 - INFO -    🧭 Selecting subject THST - Theatre Studies - ( GS ) ...
2025-12-12 06:06:31,530 - WARNING - ⚠️ subjectSelect not found — reloading main York site.
2025-12-12 06:06:31,530 - INFO - 🔄 Re-loading main York course site...
2025-12-12 06:06:31,533 - WARNING - ⚠️ Reload attempt 1 failed: Page.goto: Target page, context or browser has been closed
2025-12-12 06:06:31,534 - INFO -    ⏳ Waiting 10s before retry...
2025-12-12 06:06:41,537 - WARNING - ⚠️ Reload attempt 2 failed: Page.goto: Target page, context or browser has been closed
2025-12-12 06:06:41,538 - INFO -    ⏳ Waiting 20s before retry...
2025-12-12 06:07:01,542 - WARNING - ⚠️ Reload attempt 3 failed: Page.goto: Target page, context or browser has been closed
2025-12-12 06:07:01,542 - ERROR - ❌ All reload attempts failed. Continuing with next subject.
2025-12-12 06:07:01,542 - INFO - 
🎓 [208/217] Scraping subject: TLSE - Teaching & Learning Seminar 1/2 - ( ED )
2025-12-12 06:07:01,542 - INFO -    🧭 Selecting subject TLSE - Teaching & Learning Seminar 1/2 - ( ED ) ...
2025-12-12 06:07:01,545 - WARNING - ⚠️ subjectSelect not found — reloading main York site.
2025-12-12 06:07:01,545 - INFO - 🔄 Re-loading main York course site...
2025-12-12 06:07:01,548 - WARNING - ⚠️ Reload attempt 1 failed: Page.goto: Target page, context or browser has been closed
2025-12-12 06:07:01,548 - INFO -    ⏳ Waiting 10s before retry...
2025-12-12 06:07:11,552 - WARNING - ⚠️ Reload attempt 2 failed: Page.goto: Target page, context or browser has been closed
2025-12-12 06:07:11,552 - INFO -    ⏳ Waiting 20s before retry...
2025-12-12 06:07:31,556 - WARNING - ⚠️ Reload attempt 3 failed: Page.goto: Target page, context or browser has been closed
2025-12-12 06:07:31,556 - ERROR - ❌ All reload attempts failed. Continuing with next subject.
2025-12-12 06:07:31,557 - INFO - 
🎓 [209/217] Scraping subject: TRAN - Translation - ( GL )
2025-12-12 06:07:31,557 - INFO -    🧭 Selecting subject TRAN - Translation - ( GL ) ...
2025-12-12 06:07:31,559 - WARNING - ⚠️ subjectSelect not found — reloading main York site.
2025-12-12 06:07:31,559 - INFO - 🔄 Re-loading main York course site...
2025-12-12 06:07:31,563 - WARNING - ⚠️ Reload attempt 1 failed: Page.goto: Target page, context or browser has been closed
2025-12-12 06:07:31,563 - INFO -    ⏳ Waiting 10s before retry...
2025-12-12 06:07:41,567 - WARNING - ⚠️ Reload attempt 2 failed: Page.goto: Target page, context or browser has been closed
2025-12-12 06:07:41,567 - INFO -    ⏳ Waiting 20s before retry...
2025-12-12 06:08:01,571 - WARNING - ⚠️ Reload attempt 3 failed: Page.goto: Target page, context or browser has been closed
2025-12-12 06:08:01,571 - ERROR - ❌ All reload attempts failed. Continuing with next subject.
2025-12-12 06:08:01,571 - INFO - 
🎓 [210/217] Scraping subject: TRAS - Translation Studies - ( GS )
2025-12-12 06:08:01,571 - INFO -    🧭 Selecting subject TRAS - Translation Studies - ( GS ) ...
2025-12-12 06:08:01,575 - WARNING - ⚠️ subjectSelect not found — reloading main York site.
2025-12-12 06:08:01,575 - INFO - 🔄 Re-loading main York course site...
2025-12-12 06:08:01,578 - WARNING - ⚠️ Reload attempt 1 failed: Page.goto: Target page, context or browser has been closed
2025-12-12 06:08:01,578 - INFO -    ⏳ Waiting 10s before retry...
2025-12-12 06:08:11,582 - WARNING - ⚠️ Reload attempt 2 failed: Page.goto: Target page, context or browser has been closed
2025-12-12 06:08:11,582 - INFO -    ⏳ Waiting 20s before retry...
2025-12-12 06:08:31,586 - WARNING - ⚠️ Reload attempt 3 failed: Page.goto: Target page, context or browser has been closed
2025-12-12 06:08:31,586 - ERROR - ❌ All reload attempts failed. Continuing with next subject.
2025-12-12 06:08:31,586 - INFO - 
🎓 [211/217] Scraping subject: TRON - Mechatronics - ( LE )
2025-12-12 06:08:31,587 - WARNING - ⚠️ Too many errors — cooling down for 10 minutes...
2025-12-12 06:18:31,587 - INFO -    🧭 Selecting subject TRON - Mechatronics - ( LE ) ...
2025-12-12 06:18:31,590 - WARNING - ⚠️ subjectSelect not found — reloading main York site.
2025-12-12 06:18:31,590 - INFO - 🔄 Re-loading main York course site...
2025-12-12 06:18:31,593 - WARNING - ⚠️ Reload attempt 1 failed: Page.goto: Target page, context or browser has been closed
2025-12-12 06:18:31,594 - INFO -    ⏳ Waiting 10s before retry...
2025-12-12 06:18:41,597 - WARNING - ⚠️ Reload attempt 2 failed: Page.goto: Target page, context or browser has been closed
2025-12-12 06:18:41,598 - INFO -    ⏳ Waiting 20s before retry...
2025-12-12 06:19:01,601 - WARNING - ⚠️ Reload attempt 3 failed: Page.goto: Target page, context or browser has been closed
2025-12-12 06:19:01,602 - ERROR - ❌ All reload attempts failed. Continuing with next subject.
2025-12-12 06:19:01,602 - INFO - 
🎓 [212/217] Scraping subject: TXLW - Tax Law - ( GS )
2025-12-12 06:19:01,602 - INFO -    🧭 Selecting subject TXLW - Tax Law - ( GS ) ...
2025-12-12 06:19:01,605 - WARNING - ⚠️ subjectSelect not found — reloading main York site.
2025-12-12 06:19:01,605 - INFO - 🔄 Re-loading main York course site...
2025-12-12 06:19:01,608 - WARNING - ⚠️ Reload attempt 1 failed: Page.goto: Target page, context or browser has been closed
2025-12-12 06:19:01,608 - INFO -    ⏳ Waiting 10s before retry...
2025-12-12 06:19:11,612 - WARNING - ⚠️ Reload attempt 2 failed: Page.goto: Target page, context or browser has been closed
2025-12-12 06:19:11,613 - INFO -    ⏳ Waiting 20s before retry...
2025-12-12 06:19:31,617 - WARNING - ⚠️ Reload attempt 3 failed: Page.goto: Target page, context or browser has been closed
2025-12-12 06:19:31,617 - ERROR - ❌ All reload attempts failed. Continuing with next subject.
2025-12-12 06:19:31,617 - INFO - 
🎓 [213/217] Scraping subject: URST - Urban Studies - ( AP )
2025-12-12 06:19:31,617 - INFO -    🧭 Selecting subject URST - Urban Studies - ( AP ) ...
2025-12-12 06:19:31,620 - WARNING - ⚠️ subjectSelect not found — reloading main York site.
2025-12-12 06:19:31,620 - INFO - 🔄 Re-loading main York course site...
2025-12-12 06:19:31,623 - WARNING - ⚠️ Reload attempt 1 failed: Page.goto: Target page, context or browser has been closed
2025-12-12 06:19:31,623 - INFO -    ⏳ Waiting 10s before retry...
2025-12-12 06:19:41,627 - WARNING - ⚠️ Reload attempt 2 failed: Page.goto: Target page, context or browser has been closed
2025-12-12 06:19:41,627 - INFO -    ⏳ Waiting 20s before retry...
2025-12-12 06:20:01,631 - WARNING - ⚠️ Reload attempt 3 failed: Page.goto: Target page, context or browser has been closed
2025-12-12 06:20:01,631 - ERROR - ❌ All reload attempts failed. Continuing with next subject.
2025-12-12 06:20:01,632 - INFO - 
🎓 [214/217] Scraping subject: VISA - Visual Arts - ( FA, GS, ED )
2025-12-12 06:20:01,632 - INFO -    🧭 Selecting subject VISA - Visual Arts - ( FA, GS, ED ) ...
2025-12-12 06:20:01,634 - WARNING - ⚠️ subjectSelect not found — reloading main York site.
2025-12-12 06:20:01,634 - INFO - 🔄 Re-loading main York course site...
2025-12-12 06:20:01,638 - WARNING - ⚠️ Reload attempt 1 failed: Page.goto: Target page, context or browser has been closed
2025-12-12 06:20:01,638 - INFO -    ⏳ Waiting 10s before retry...
2025-12-12 06:20:11,642 - WARNING - ⚠️ Reload attempt 2 failed: Page.goto: Target page, context or browser has been closed
2025-12-12 06:20:11,642 - INFO -    ⏳ Waiting 20s before retry...
2025-12-12 06:20:31,646 - WARNING - ⚠️ Reload attempt 3 failed: Page.goto: Target page, context or browser has been closed
2025-12-12 06:20:31,646 - ERROR - ❌ All reload attempts failed. Continuing with next subject.
2025-12-12 06:20:31,646 - INFO - 
🎓 [215/217] Scraping subject: WKST - Work And Study - ( GL )
2025-12-12 06:20:31,646 - INFO -    🧭 Selecting subject WKST - Work And Study - ( GL ) ...
2025-12-12 06:20:31,649 - WARNING - ⚠️ subjectSelect not found — reloading main York site.
2025-12-12 06:20:31,649 - INFO - 🔄 Re-loading main York course site...
2025-12-12 06:20:31,653 - WARNING - ⚠️ Reload attempt 1 failed: Page.goto: Target page, context or browser has been closed
2025-12-12 06:20:31,653 - INFO -    ⏳ Waiting 10s before retry...
2025-12-12 06:20:41,657 - WARNING - ⚠️ Reload attempt 2 failed: Page.goto: Target page, context or browser has been closed
2025-12-12 06:20:41,657 - INFO -    ⏳ Waiting 20s before retry...
2025-12-12 06:21:01,661 - WARNING - ⚠️ Reload attempt 3 failed: Page.goto: Target page, context or browser has been closed
2025-12-12 06:21:01,661 - ERROR - ❌ All reload attempts failed. Continuing with next subject.
2025-12-12 06:21:01,661 - INFO - 
🎓 [216/217] Scraping subject: WMST - Womens Studies - ( GS )
2025-12-12 06:21:01,662 - WARNING - ⚠️ Too many errors — cooling down for 10 minutes...
2025-12-12 06:31:01,662 - INFO -    🧭 Selecting subject WMST - Womens Studies - ( GS ) ...
2025-12-12 06:31:01,665 - WARNING - ⚠️ subjectSelect not found — reloading main York site.
2025-12-12 06:31:01,665 - INFO - 🔄 Re-loading main York course site...
2025-12-12 06:31:01,668 - WARNING - ⚠️ Reload attempt 1 failed: Page.goto: Target page, context or browser has been closed
2025-12-12 06:31:01,669 - INFO -    ⏳ Waiting 10s before retry...
2025-12-12 06:31:11,673 - WARNING - ⚠️ Reload attempt 2 failed: Page.goto: Target page, context or browser has been closed
2025-12-12 06:31:11,673 - INFO -    ⏳ Waiting 20s before retry...
2025-12-12 06:31:31,677 - WARNING - ⚠️ Reload attempt 3 failed: Page.goto: Target page, context or browser has been closed
2025-12-12 06:31:31,677 - ERROR - ❌ All reload attempts failed. Continuing with next subject.
2025-12-12 06:31:31,677 - INFO - 
🎓 [217/217] Scraping subject: WRIT - Writing - ( AP )
2025-12-12 06:31:31,677 - INFO -    🧭 Selecting subject WRIT - Writing - ( AP ) ...
2025-12-12 06:31:31,680 - WARNING - ⚠️ subjectSelect not found — reloading main York site.
2025-12-12 06:31:31,680 - INFO - 🔄 Re-loading main York course site...
2025-12-12 06:31:31,683 - WARNING - ⚠️ Reload attempt 1 failed: Page.goto: Target page, context or browser has been closed
2025-12-12 06:31:31,683 - INFO -    ⏳ Waiting 10s before retry...
2025-12-12 06:31:41,687 - WARNING - ⚠️ Reload attempt 2 failed: Page.goto: Target page, context or browser has been closed
2025-12-12 06:31:41,688 - INFO -    ⏳ Waiting 20s before retry...
2025-12-12 06:32:01,692 - WARNING - ⚠️ Reload attempt 3 failed: Page.goto: Target page, context or browser has been closed
2025-12-12 06:32:01,692 - ERROR - ❌ All reload attempts failed. Continuing with next subject.
2025-12-12 06:32:01,692 - INFO - 
🎉 Done! All subjects processed.
